Order_Id,Order_Date,Region,Category,Payment_Mode,Quantity,Unit_Price,Discount_Amount,Total_Sales_Amount,Month
50001,2025-01-01 00:00:00,North,Fashion,Net Banking,3,1866.05,360.19,5237.96,2025-01
50002,2025-01-01 03:00:00,North,Fashion,Card,4,797.18,556.91,2631.81,2025-01
50003,2025-01-01 06:00:00,East,Fashion,UPI,4,1260.7,587.75,4455.05,2025-01
50004,2025-01-01 09:00:00,North,Electronics,Net Banking,3,767.27,59.09,2242.72,2025-01
50005,2025-01-01 12:00:00,East,Home,COD,3,1809.88,565.18,4864.46,2025-01
50006,2025-01-01 15:00:00,South,Sports,UPI,2,740.57,148.23,1332.91,2025-01
50007,2025-01-01 18:00:00,South,Beauty,UPI,4,492.12,275.55,1692.93,2025-01
50008,2025-01-01 21:00:00,South,Electronics,COD,5,850.44,304.46,3947.7400000000007,2025-01
50009,2025-01-02 00:00:00,South,Fashion,Net Banking,2,1493.12,76.74,2909.5,2025-01
50010,2025-01-02 03:00:00,South,Fashion,Card,4,679.95,564.65,2155.15,2025-01
50011,2025-01-02 06:00:00,North,Electronics,Card,5,759.81,185.39,3613.66,2025-01
50012,2025-01-02 09:00:00,North,Sports,Card,1,2608.83,450.96,2157.87,2025-01
50013,2025-01-02 12:00:00,North,Fashion,UPI,3,1168.78,528.68,2977.6600000000003,2025-01
50014,2025-01-02 15:00:00,North,Beauty,UPI,1,1903.75,343.48,1560.27,2025-01
50015,2025-01-02 18:00:00,East,Home,Net Banking,1,1969.16,156.1,1813.0600000000002,2025-01
50016,2025-01-02 21:00:00,West,Electronics,UPI,3,1008.91,527.78,2498.95,2025-01
50017,2025-01-03 00:00:00,East,Home,UPI,4,1849.33,447.59,6949.73,2025-01
50018,2025-01-03 03:00:00,North,Beauty,COD,1,867.77,535.68,332.09000000000003,2025-01
50019,2025-01-03 06:00:00,South,Sports,COD,4,1159.18,347.75,4288.97,2025-01
50020,2025-01-03 09:00:00,West,Electronics,COD,4,539.02,78.83,2077.25,2025-01
50021,2025-01-03 12:00:00,North,Sports,COD,2,643.0,332.03,953.97,2025-01
50022,2025-01-03 15:00:00,East,Home,COD,5,578.47,558.12,2334.2300000000005,2025-01
50023,2025-01-03 18:00:00,West,Beauty,UPI,4,1423.67,580.92,5113.76,2025-01
50024,2025-01-03 21:00:00,North,Electronics,COD,1,1321.33,20.72,1300.61,2025-01
50025,2025-01-04 00:00:00,South,Sports,Card,2,575.48,473.15,677.8100000000001,2025-01
50026,2025-01-04 03:00:00,South,Home,UPI,5,664.48,22.71,3299.69,2025-01
50027,2025-01-04 06:00:00,West,Fashion,UPI,4,1511.39,172.84,5872.72,2025-01
50028,2025-01-04 09:00:00,East,Sports,UPI,3,1824.61,339.98,5133.85,2025-01
50029,2025-01-04 12:00:00,North,Home,UPI,3,1010.74,416.6,2615.6200000000003,2025-01
50030,2025-01-04 15:00:00,South,Home,UPI,3,1201.18,209.83,3393.71,2025-01
50031,2025-01-04 18:00:00,North,Home,UPI,1,1407.04,379.31,1027.73,2025-01
50032,2025-01-04 21:00:00,East,Electronics,UPI,2,1096.86,415.45,1778.2699999999998,2025-01
50033,2025-01-05 00:00:00,West,Fashion,UPI,3,944.39,99.65,2733.52,2025-01
50034,2025-01-05 03:00:00,West,Sports,Card,5,692.24,217.86,3243.3399999999997,2025-01
50035,2025-01-05 06:00:00,South,Beauty,UPI,5,1911.45,271.97,9285.28,2025-01
50036,2025-01-05 09:00:00,West,Electronics,COD,4,1338.38,0.11,5353.410000000001,2025-01
50037,2025-01-05 12:00:00,West,Fashion,Card,1,673.37,115.35,558.02,2025-01
50038,2025-01-05 15:00:00,East,Sports,Card,5,491.21,370.84,2085.2099999999996,2025-01
50039,2025-01-05 18:00:00,South,Sports,COD,4,1191.32,85.18,4680.099999999999,2025-01
50040,2025-01-05 21:00:00,East,Fashion,UPI,5,1964.6,463.34,9359.66,2025-01
50041,2025-01-06 00:00:00,West,Home,UPI,4,1387.77,454.33,5096.75,2025-01
50042,2025-01-06 03:00:00,North,Fashion,COD,5,1023.91,242.25,4877.3,2025-01
50043,2025-01-06 06:00:00,South,Home,Card,3,2235.19,289.49,6416.08,2025-01
50044,2025-01-06 09:00:00,South,Electronics,Card,2,2938.96,290.65,5587.27,2025-01
50045,2025-01-06 12:00:00,West,Home,Card,4,1728.33,405.1,6508.219999999999,2025-01
50046,2025-01-06 15:00:00,South,Fashion,UPI,2,1804.65,263.58,3345.7200000000003,2025-01
50047,2025-01-06 18:00:00,North,Beauty,Card,2,948.6,307.8,1589.4,2025-01
50048,2025-01-06 21:00:00,South,Electronics,UPI,5,1145.03,212.62,5512.53,2025-01
50049,2025-01-07 00:00:00,South,Sports,UPI,3,841.36,312.87,2211.21,2025-01
50050,2025-01-07 03:00:00,North,Beauty,Net Banking,5,1104.0,137.73,5382.27,2025-01
50051,2025-01-07 06:00:00,East,Sports,UPI,3,314.32,409.02,533.94,2025-01
50052,2025-01-07 09:00:00,East,Sports,UPI,4,3179.62,426.23,12292.25,2025-01
50053,2025-01-07 12:00:00,East,Beauty,UPI,2,464.12,231.29,696.95,2025-01
50054,2025-01-07 15:00:00,South,Fashion,UPI,5,682.85,571.33,2842.92,2025-01
50055,2025-01-07 18:00:00,North,Sports,UPI,1,669.87,103.0,566.87,2025-01
50056,2025-01-07 21:00:00,North,Electronics,Card,3,935.23,570.57,2235.12,2025-01
50057,2025-01-08 00:00:00,North,Fashion,UPI,3,1520.54,401.81,4159.8099999999995,2025-01
50058,2025-01-08 03:00:00,East,Electronics,Card,4,5482.77,532.11,21398.97,2025-01
50059,2025-01-08 06:00:00,North,Beauty,Net Banking,5,671.19,382.7,2973.2500000000005,2025-01
50060,2025-01-08 09:00:00,East,Electronics,COD,5,652.21,288.23,2972.82,2025-01
50061,2025-01-08 12:00:00,East,Home,Card,1,1411.65,257.33,1154.3200000000002,2025-01
50062,2025-01-08 15:00:00,South,Beauty,UPI,4,2952.51,181.11,11628.93,2025-01
50063,2025-01-08 18:00:00,North,Home,COD,1,1465.6,0.9,1464.6999999999998,2025-01
50064,2025-01-08 21:00:00,North,Fashion,Card,1,1137.67,558.19,579.48,2025-01
50065,2025-01-09 00:00:00,West,Sports,Net Banking,5,1185.19,522.89,5403.06,2025-01
50066,2025-01-09 03:00:00,South,Home,UPI,2,4023.11,2.18,8044.04,2025-01
50067,2025-01-09 06:00:00,South,Electronics,Card,3,1372.49,44.58,4072.8900000000003,2025-01
50068,2025-01-09 09:00:00,South,Fashion,UPI,4,1803.25,88.18,7124.82,2025-01
50069,2025-01-09 12:00:00,West,Beauty,COD,3,1226.11,113.98,3564.35,2025-01
50070,2025-01-09 15:00:00,South,Fashion,COD,3,1426.35,210.64,4068.4099999999994,2025-01
50071,2025-01-09 18:00:00,North,Home,UPI,4,1900.83,37.27,7566.049999999999,2025-01
50072,2025-01-09 21:00:00,West,Beauty,UPI,3,752.02,465.0,1791.06,2025-01
50073,2025-01-10 00:00:00,South,Sports,COD,5,891.77,143.09,4315.76,2025-01
50074,2025-01-10 03:00:00,West,Sports,UPI,5,1363.03,9.43,6805.719999999999,2025-01
50075,2025-01-10 06:00:00,North,Electronics,COD,3,774.43,120.28,2203.0099999999998,2025-01
50076,2025-01-10 09:00:00,South,Beauty,Card,3,936.8,61.72,2748.68,2025-01
50077,2025-01-10 12:00:00,West,Electronics,Net Banking,3,793.31,483.33,1896.6,2025-01
50078,2025-01-10 15:00:00,West,Electronics,UPI,3,776.37,427.81,1901.3000000000002,2025-01
50079,2025-01-10 18:00:00,South,Electronics,Card,4,1412.31,435.17,5214.07,2025-01
50080,2025-01-10 21:00:00,North,Fashion,UPI,3,1830.49,507.34,4984.13,2025-01
50081,2025-01-11 00:00:00,East,Home,UPI,5,1869.86,221.55,9127.75,2025-01
50082,2025-01-11 03:00:00,South,Fashion,Card,1,680.0,331.21,348.79,2025-01
50083,2025-01-11 06:00:00,West,Sports,UPI,2,1753.3,251.5,3255.1,2025-01
50084,2025-01-11 09:00:00,North,Sports,Net Banking,2,2408.89,474.14,4343.639999999999,2025-01
50085,2025-01-11 12:00:00,West,Home,Card,3,696.83,63.28,2027.2100000000003,2025-01
50086,2025-01-11 15:00:00,East,Beauty,UPI,4,2500.5,148.63,9853.37,2025-01
50087,2025-01-11 18:00:00,West,Fashion,COD,2,1392.1,65.33,2718.87,2025-01
50088,2025-01-11 21:00:00,West,Fashion,Net Banking,5,2515.64,453.01,12125.189999999999,2025-01
50089,2025-01-12 00:00:00,South,Sports,COD,4,662.04,489.13,2159.0299999999997,2025-01
50090,2025-01-12 03:00:00,South,Home,UPI,2,1170.66,70.21,2271.11,2025-01
50091,2025-01-12 06:00:00,North,Sports,Card,5,1299.15,68.23,6427.52,2025-01
50092,2025-01-12 09:00:00,South,Fashion,Net Banking,3,929.88,124.09,2665.5499999999997,2025-01
50093,2025-01-12 12:00:00,North,Sports,UPI,2,1320.11,285.53,2354.6899999999996,2025-01
50094,2025-01-12 15:00:00,West,Home,Card,2,3321.59,293.36,6349.820000000001,2025-01
50095,2025-01-12 18:00:00,South,Home,COD,3,981.06,0.11,2943.0699999999997,2025-01
50096,2025-01-12 21:00:00,South,Sports,UPI,1,990.93,48.6,942.3299999999999,2025-01
50097,2025-01-13 00:00:00,North,Fashion,Card,4,953.6,157.02,3657.38,2025-01
50098,2025-01-13 03:00:00,South,Home,UPI,5,653.45,211.39,3055.86,2025-01
50099,2025-01-13 06:00:00,West,Sports,COD,2,857.82,566.02,1149.6200000000001,2025-01
50100,2025-01-13 09:00:00,South,Beauty,COD,5,3022.19,466.23,14644.720000000001,2025-01
50101,2025-01-13 12:00:00,North,Sports,COD,3,982.4,287.64,2659.56,2025-01
50102,2025-01-13 15:00:00,South,Beauty,UPI,5,1217.99,113.84,5976.11,2025-01
50103,2025-01-13 18:00:00,West,Fashion,UPI,1,373.16,513.04,50.0,2025-01
50104,2025-01-13 21:00:00,West,Beauty,COD,4,2101.67,125.29,8281.39,2025-01
50105,2025-01-14 00:00:00,West,Beauty,UPI,2,713.34,518.86,907.82,2025-01
50106,2025-01-14 03:00:00,South,Home,Net Banking,5,716.5,519.54,3062.96,2025-01
50107,2025-01-14 06:00:00,South,Home,UPI,5,3327.08,304.93,16330.470000000001,2025-01
50108,2025-01-14 09:00:00,North,Electronics,Card,5,2518.0,143.31,12446.69,2025-01
50109,2025-01-14 12:00:00,North,Electronics,COD,4,577.93,446.07,1865.6499999999999,2025-01
50110,2025-01-14 15:00:00,West,Electronics,Card,4,884.15,560.07,2976.5299999999997,2025-01
50111,2025-01-14 18:00:00,West,Electronics,Card,1,1454.3,387.83,1066.47,2025-01
50112,2025-01-14 21:00:00,North,Fashion,Card,2,685.63,223.07,1148.19,2025-01
50113,2025-01-15 00:00:00,West,Beauty,COD,4,704.1,293.8,2522.6,2025-01
50114,2025-01-15 03:00:00,North,Fashion,Card,5,2676.06,498.65,12881.65,2025-01
50115,2025-01-15 06:00:00,North,Electronics,COD,2,848.28,280.11,1416.4499999999998,2025-01
50116,2025-01-15 09:00:00,South,Fashion,Card,1,825.23,382.9,442.33000000000004,2025-01
50117,2025-01-15 12:00:00,North,Sports,Card,3,1611.89,403.05,4432.62,2025-01
50118,2025-01-15 15:00:00,West,Beauty,UPI,4,708.7,169.97,2664.8300000000004,2025-01
50119,2025-01-15 18:00:00,South,Home,UPI,5,1139.97,277.09,5422.76,2025-01
50120,2025-01-15 21:00:00,East,Beauty,COD,4,1372.72,531.18,4959.7,2025-01
50121,2025-01-16 00:00:00,South,Home,UPI,5,1422.03,48.76,7061.389999999999,2025-01
50122,2025-01-16 03:00:00,North,Fashion,Card,4,1436.74,90.94,5656.02,2025-01
50123,2025-01-16 06:00:00,East,Fashion,Net Banking,4,1137.49,135.13,4414.83,2025-01
50124,2025-01-16 09:00:00,West,Fashion,UPI,5,694.96,355.23,3119.57,2025-01
50125,2025-01-16 12:00:00,South,Sports,UPI,5,2039.93,61.04,10138.609999999999,2025-01
50126,2025-01-16 15:00:00,North,Fashion,Card,4,2124.25,541.5,7955.5,2025-01
50127,2025-01-16 18:00:00,North,Home,UPI,1,1410.22,579.91,830.3100000000001,2025-01
50128,2025-01-16 21:00:00,West,Fashion,Card,3,1051.25,153.31,3000.44,2025-01
50129,2025-01-17 00:00:00,South,Electronics,Card,3,777.05,401.67,1929.4799999999996,2025-01
50130,2025-01-17 03:00:00,West,Fashion,Card,2,1564.27,292.1,2836.44,2025-01
50131,2025-01-17 06:00:00,East,Fashion,Card,1,613.53,589.91,50.0,2025-01
50132,2025-01-17 09:00:00,West,Fashion,COD,2,2007.18,75.57,3938.79,2025-01
50133,2025-01-17 12:00:00,North,Beauty,Card,4,665.46,242.78,2419.06,2025-01
50134,2025-01-17 15:00:00,South,Fashion,UPI,4,466.81,298.97,1568.27,2025-01
50135,2025-01-17 18:00:00,South,Fashion,COD,1,456.61,131.35,325.26,2025-01
50136,2025-01-17 21:00:00,South,Fashion,UPI,1,2011.77,593.3,1418.47,2025-01
50137,2025-01-18 00:00:00,South,Sports,UPI,1,1300.51,177.26,1123.25,2025-01
50138,2025-01-18 03:00:00,East,Sports,Card,3,2836.54,160.25,8349.369999999999,2025-01
50139,2025-01-18 06:00:00,South,Fashion,Net Banking,2,1845.25,388.73,3301.77,2025-01
50140,2025-01-18 09:00:00,West,Beauty,Card,5,821.49,257.27,3850.18,2025-01
50141,2025-01-18 12:00:00,South,Fashion,UPI,3,655.44,216.88,1749.44,2025-01
50142,2025-01-18 15:00:00,North,Beauty,UPI,1,503.36,217.26,286.1,2025-01
50143,2025-01-18 18:00:00,West,Beauty,UPI,2,1813.22,203.75,3422.69,2025-01
50144,2025-01-18 21:00:00,South,Electronics,UPI,3,1033.34,394.72,2705.2999999999993,2025-01
50145,2025-01-19 00:00:00,South,Beauty,Net Banking,4,1129.98,482.7,4037.2200000000003,2025-01
50146,2025-01-19 03:00:00,North,Home,UPI,1,508.45,412.23,96.21999999999997,2025-01
50147,2025-01-19 06:00:00,North,Electronics,Net Banking,5,1752.24,412.56,8348.640000000001,2025-01
50148,2025-01-19 09:00:00,East,Fashion,Card,3,1765.03,47.53,5247.56,2025-01
50149,2025-01-19 12:00:00,North,Fashion,Card,1,550.95,41.53,509.4200000000001,2025-01
50150,2025-01-19 15:00:00,West,Electronics,Card,5,788.34,172.47,3769.2300000000005,2025-01
50151,2025-01-19 18:00:00,East,Electronics,UPI,4,1166.96,227.52,4440.32,2025-01
50152,2025-01-19 21:00:00,North,Home,COD,4,1490.89,569.74,5393.820000000001,2025-01
50153,2025-01-20 00:00:00,West,Home,UPI,5,1819.59,360.25,8737.699999999999,2025-01
50154,2025-01-20 03:00:00,North,Fashion,Card,3,716.48,501.57,1647.8700000000001,2025-01
50155,2025-01-20 06:00:00,North,Electronics,UPI,3,892.45,267.09,2410.26,2025-01
50156,2025-01-20 09:00:00,South,Electronics,Card,5,1541.21,171.37,7534.68,2025-01
50157,2025-01-20 12:00:00,West,Fashion,COD,1,395.24,514.0,50.0,2025-01
50158,2025-01-20 15:00:00,East,Beauty,UPI,2,3250.89,117.71,6384.07,2025-01
50159,2025-01-20 18:00:00,South,Sports,UPI,4,2142.65,577.01,7993.59,2025-01
50160,2025-01-20 21:00:00,South,Sports,UPI,5,491.65,112.13,2346.12,2025-01
50161,2025-01-21 00:00:00,South,Electronics,UPI,4,538.16,448.15,1704.4899999999998,2025-01
50162,2025-01-21 03:00:00,South,Beauty,Card,1,956.65,73.04,883.61,2025-01
50163,2025-01-21 06:00:00,North,Electronics,COD,5,852.44,2.49,4259.710000000001,2025-01
50164,2025-01-21 09:00:00,North,Electronics,COD,1,4046.66,267.86,3778.7999999999997,2025-01
50165,2025-01-21 12:00:00,East,Beauty,UPI,1,1487.92,593.05,894.8700000000001,2025-01
50166,2025-01-21 15:00:00,West,Home,Card,4,1430.37,256.24,5465.24,2025-01
50167,2025-01-21 18:00:00,South,Beauty,UPI,2,1107.73,343.78,1871.68,2025-01
50168,2025-01-21 21:00:00,North,Sports,Card,5,877.27,333.42,4052.9300000000003,2025-01
50169,2025-01-22 00:00:00,North,Beauty,Card,1,1814.74,55.44,1759.3,2025-01
50170,2025-01-22 03:00:00,West,Home,UPI,1,755.09,41.24,713.85,2025-01
50171,2025-01-22 06:00:00,North,Fashion,COD,2,1169.48,389.53,1949.43,2025-01
50172,2025-01-22 09:00:00,South,Beauty,Net Banking,1,669.22,138.23,530.99,2025-01
50173,2025-01-22 12:00:00,South,Fashion,UPI,3,918.97,386.74,2370.17,2025-01
50174,2025-01-22 15:00:00,North,Electronics,Card,1,771.12,538.8,232.32000000000005,2025-01
50175,2025-01-22 18:00:00,South,Beauty,UPI,1,593.27,548.87,50.0,2025-01
50176,2025-01-22 21:00:00,East,Sports,Card,4,3118.47,518.1,11955.779999999999,2025-01
50177,2025-01-23 00:00:00,South,Electronics,Card,3,887.74,581.25,2081.9700000000003,2025-01
50178,2025-01-23 03:00:00,South,Home,UPI,5,363.86,250.35,1568.9500000000003,2025-01
50179,2025-01-23 06:00:00,North,Fashion,UPI,1,2383.09,267.09,2116.0,2025-01
50180,2025-01-23 09:00:00,South,Sports,Card,5,966.32,121.26,4710.34,2025-01
50181,2025-01-23 12:00:00,East,Home,Card,5,1520.21,317.45,7283.6,2025-01
50182,2025-01-23 15:00:00,West,Fashion,UPI,5,3319.65,365.58,16232.67,2025-01
50183,2025-01-23 18:00:00,West,Home,Card,5,1209.09,192.73,5852.72,2025-01
50184,2025-01-23 21:00:00,South,Sports,Card,1,903.74,208.21,695.53,2025-01
50185,2025-01-24 00:00:00,South,Electronics,Net Banking,3,997.24,268.13,2723.59,2025-01
50186,2025-01-24 03:00:00,South,Sports,UPI,2,472.68,390.38,554.98,2025-01
50187,2025-01-24 06:00:00,East,Electronics,UPI,2,702.4,36.05,1368.75,2025-01
50188,2025-01-24 09:00:00,North,Fashion,UPI,3,783.18,265.03,2084.51,2025-01
50189,2025-01-24 12:00:00,East,Fashion,Card,1,1386.24,71.23,1315.01,2025-01
50190,2025-01-24 15:00:00,South,Fashion,COD,4,752.19,56.04,2952.7200000000003,2025-01
50191,2025-01-24 18:00:00,South,Electronics,UPI,2,1127.13,534.42,1719.8400000000001,2025-01
50192,2025-01-24 21:00:00,South,Fashion,COD,5,3655.4,248.83,18028.17,2025-01
50193,2025-01-25 00:00:00,South,Fashion,COD,4,618.74,422.14,2052.82,2025-01
50194,2025-01-25 03:00:00,North,Home,UPI,1,501.69,58.47,443.22,2025-01
50195,2025-01-25 06:00:00,West,Fashion,Card,4,723.1,347.8,2544.6,2025-01
50196,2025-01-25 09:00:00,East,Sports,UPI,1,1953.58,6.07,1947.51,2025-01
50197,2025-01-25 12:00:00,South,Sports,Card,2,2368.7,386.11,4351.29,2025-01
50198,2025-01-25 15:00:00,South,Beauty,Card,2,1310.35,582.92,2037.7799999999997,2025-01
50199,2025-01-25 18:00:00,West,Beauty,UPI,5,1433.29,101.28,7065.17,2025-01
50200,2025-01-25 21:00:00,East,Fashion,UPI,2,478.74,507.0,450.48,2025-01
50201,2025-01-26 00:00:00,West,Electronics,COD,1,1224.87,141.0,1083.87,2025-01
50202,2025-01-26 03:00:00,North,Sports,Card,3,383.26,295.51,854.27,2025-01
50203,2025-01-26 06:00:00,South,Beauty,Card,2,1606.07,69.64,3142.5,2025-01
50204,2025-01-26 09:00:00,South,Sports,Card,5,1873.7,440.45,8928.05,2025-01
50205,2025-01-26 12:00:00,North,Beauty,UPI,2,1523.16,367.17,2679.15,2025-01
50206,2025-01-26 15:00:00,South,Fashion,Net Banking,2,1468.76,193.55,2743.97,2025-01
50207,2025-01-26 18:00:00,South,Home,COD,3,1110.81,501.13,2831.2999999999997,2025-01
50208,2025-01-26 21:00:00,South,Home,Card,4,1034.53,144.48,3993.64,2025-01
50209,2025-01-27 00:00:00,East,Home,COD,4,2090.55,238.15,8124.050000000001,2025-01
50210,2025-01-27 03:00:00,West,Home,Net Banking,5,812.34,141.76,3919.9400000000005,2025-01
50211,2025-01-27 06:00:00,West,Beauty,UPI,1,659.06,23.79,635.27,2025-01
50212,2025-01-27 09:00:00,South,Sports,COD,3,2090.26,581.21,5689.570000000001,2025-01
50213,2025-01-27 12:00:00,West,Electronics,Card,3,1203.33,474.56,3135.43,2025-01
50214,2025-01-27 15:00:00,North,Fashion,Card,5,605.73,294.14,2734.51,2025-01
50215,2025-01-27 18:00:00,North,Beauty,Card,3,778.17,459.82,1874.6899999999998,2025-01
50216,2025-01-27 21:00:00,East,Electronics,UPI,4,1473.13,127.25,5765.27,2025-01
50217,2025-01-28 00:00:00,North,Sports,UPI,1,822.72,594.54,228.18000000000006,2025-01
50218,2025-01-28 03:00:00,South,Home,UPI,4,684.05,537.95,2198.25,2025-01
50219,2025-01-28 06:00:00,South,Home,Card,1,1643.95,494.49,1149.46,2025-01
50220,2025-01-28 09:00:00,South,Home,Card,5,1390.62,384.77,6568.33,2025-01
50221,2025-01-28 12:00:00,South,Sports,Net Banking,5,1566.3,3.7,7827.8,2025-01
50222,2025-01-28 15:00:00,South,Home,Net Banking,5,1357.17,203.44,6582.410000000001,2025-01
50223,2025-01-28 18:00:00,South,Sports,COD,2,1248.46,352.59,2144.33,2025-01
50224,2025-01-28 21:00:00,South,Home,UPI,3,488.04,16.08,1448.0400000000002,2025-01
50225,2025-01-29 00:00:00,East,Fashion,Card,2,3252.33,6.17,6498.49,2025-01
50226,2025-01-29 03:00:00,South,Electronics,Card,5,2746.72,360.45,13373.149999999998,2025-01
50227,2025-01-29 06:00:00,South,Electronics,COD,5,2120.03,190.79,10409.36,2025-01
50228,2025-01-29 09:00:00,West,Electronics,Card,1,1569.64,182.24,1387.4,2025-01
50229,2025-01-29 12:00:00,South,Beauty,UPI,2,919.57,224.83,1614.3100000000002,2025-01
50230,2025-01-29 15:00:00,South,Beauty,Net Banking,5,2146.69,560.91,10172.54,2025-01
50231,2025-01-29 18:00:00,South,Home,Card,3,1189.21,194.55,3373.08,2025-01
50232,2025-01-29 21:00:00,West,Home,Card,2,539.79,231.21,848.3699999999999,2025-01
50233,2025-01-30 00:00:00,West,Home,Net Banking,2,642.97,397.05,888.8900000000001,2025-01
50234,2025-01-30 03:00:00,West,Electronics,COD,1,341.18,221.93,119.25,2025-01
50235,2025-01-30 06:00:00,South,Home,UPI,1,1134.11,390.91,743.1999999999998,2025-01
50236,2025-01-30 09:00:00,East,Fashion,Net Banking,4,570.31,115.78,2165.4599999999996,2025-01
50237,2025-01-30 12:00:00,South,Beauty,Card,1,1546.3,33.74,1512.56,2025-01
50238,2025-01-30 15:00:00,South,Sports,COD,5,2206.87,76.38,10957.97,2025-01
50239,2025-01-30 18:00:00,East,Fashion,Card,1,658.55,404.9,253.64999999999998,2025-01
50240,2025-01-30 21:00:00,North,Fashion,COD,3,2459.4,361.41,7016.790000000001,2025-01
50241,2025-01-31 00:00:00,North,Electronics,Card,3,2635.68,71.23,7835.8099999999995,2025-01
50242,2025-01-31 03:00:00,West,Sports,Card,5,2652.82,72.78,13191.32,2025-01
50243,2025-01-31 06:00:00,East,Electronics,COD,3,1070.45,84.5,3126.8500000000004,2025-01
50244,2025-01-31 09:00:00,East,Home,UPI,4,910.65,573.83,3068.77,2025-01
50245,2025-01-31 12:00:00,North,Home,COD,4,1111.75,380.7,4066.3,2025-01
50246,2025-01-31 15:00:00,East,Beauty,UPI,2,511.56,49.37,973.75,2025-01
50247,2025-01-31 18:00:00,South,Electronics,UPI,4,1826.42,265.53,7040.150000000001,2025-01
50248,2025-01-31 21:00:00,West,Beauty,Card,4,1669.41,31.42,6646.22,2025-01
50249,2025-02-01 00:00:00,North,Beauty,COD,2,974.45,329.62,1619.2800000000002,2025-02
50250,2025-02-01 03:00:00,South,Fashion,COD,2,913.35,397.14,1429.56,2025-02
50251,2025-02-01 06:00:00,South,Home,Card,4,731.27,224.68,2700.4,2025-02
50252,2025-02-01 09:00:00,East,Fashion,COD,5,1212.24,19.37,6041.83,2025-02
50253,2025-02-01 12:00:00,North,Sports,Card,5,827.42,468.64,3668.4599999999996,2025-02
50254,2025-02-01 15:00:00,South,Fashion,Net Banking,2,468.09,406.44,529.74,2025-02
50255,2025-02-01 18:00:00,South,Sports,Card,2,912.61,461.96,1363.26,2025-02
50256,2025-02-01 21:00:00,North,Fashion,UPI,2,1579.57,513.12,2646.02,2025-02
50257,2025-02-02 00:00:00,North,Beauty,UPI,2,1668.94,534.64,2803.2400000000002,2025-02
50258,2025-02-02 03:00:00,North,Fashion,Net Banking,4,951.55,316.6,3489.6,2025-02
50259,2025-02-02 06:00:00,West,Beauty,UPI,5,1785.4,376.08,8550.92,2025-02
50260,2025-02-02 09:00:00,South,Fashion,Net Banking,4,504.82,97.0,1922.28,2025-02
50261,2025-02-02 12:00:00,North,Sports,Net Banking,2,1050.89,191.2,1910.5800000000002,2025-02
50262,2025-02-02 15:00:00,North,Home,UPI,3,1082.69,267.27,2980.8,2025-02
50263,2025-02-02 18:00:00,North,Sports,Card,2,946.03,580.71,1311.35,2025-02
50264,2025-02-02 21:00:00,South,Fashion,UPI,3,402.98,40.95,1167.99,2025-02
50265,2025-02-03 00:00:00,North,Sports,UPI,3,830.44,134.55,2356.77,2025-02
50266,2025-02-03 03:00:00,South,Sports,UPI,2,1375.56,313.63,2437.49,2025-02
50267,2025-02-03 06:00:00,South,Electronics,UPI,5,6660.23,301.0,33000.149999999994,2025-02
50268,2025-02-03 09:00:00,South,Beauty,UPI,5,2077.25,3.18,10383.07,2025-02
50269,2025-02-03 12:00:00,West,Fashion,UPI,1,1224.74,523.76,700.98,2025-02
50270,2025-02-03 15:00:00,West,Fashion,Net Banking,2,940.34,391.79,1488.89,2025-02
50271,2025-02-03 18:00:00,North,Home,COD,1,417.02,121.38,295.64,2025-02
50272,2025-02-03 21:00:00,South,Sports,UPI,4,965.94,143.63,3720.13,2025-02
50273,2025-02-04 00:00:00,West,Sports,Card,1,2639.64,510.49,2129.1499999999996,2025-02
50274,2025-02-04 03:00:00,South,Home,Card,2,394.95,403.57,386.33,2025-02
50275,2025-02-04 06:00:00,West,Electronics,COD,3,1113.93,28.11,3313.68,2025-02
50276,2025-02-04 09:00:00,East,Electronics,Card,2,230.13,67.46,392.8,2025-02
50277,2025-02-04 12:00:00,West,Beauty,Card,5,2333.15,137.26,11528.49,2025-02
50278,2025-02-04 15:00:00,East,Fashion,UPI,5,834.2,321.94,3849.06,2025-02
50279,2025-02-04 18:00:00,North,Home,Card,3,1955.66,360.36,5506.620000000001,2025-02
50280,2025-02-04 21:00:00,South,Fashion,UPI,4,789.73,11.06,3147.86,2025-02
50281,2025-02-05 00:00:00,West,Sports,Card,2,1028.9,436.78,1621.0200000000002,2025-02
50282,2025-02-05 03:00:00,North,Electronics,COD,3,1727.86,140.93,5042.65,2025-02
50283,2025-02-05 06:00:00,East,Electronics,COD,2,550.56,361.03,740.0899999999999,2025-02
50284,2025-02-05 09:00:00,South,Home,UPI,4,1277.97,254.21,4857.67,2025-02
50285,2025-02-05 12:00:00,West,Home,Net Banking,4,2865.09,70.72,11389.640000000001,2025-02
50286,2025-02-05 15:00:00,North,Fashion,UPI,5,2588.53,598.44,12344.210000000001,2025-02
50287,2025-02-05 18:00:00,South,Fashion,UPI,5,1587.55,350.53,7587.22,2025-02
50288,2025-02-05 21:00:00,South,Home,COD,4,1523.05,582.0,5510.2,2025-02
50289,2025-02-06 00:00:00,North,Sports,Net Banking,2,1582.26,346.54,2817.98,2025-02
50290,2025-02-06 03:00:00,South,Beauty,Card,3,1020.51,448.76,2612.7699999999995,2025-02
50291,2025-02-06 06:00:00,North,Electronics,COD,1,565.81,267.88,297.92999999999995,2025-02
50292,2025-02-06 09:00:00,East,Beauty,COD,3,1205.14,240.84,3374.58,2025-02
50293,2025-02-06 12:00:00,West,Beauty,UPI,2,756.24,116.93,1395.55,2025-02
50294,2025-02-06 15:00:00,North,Electronics,Net Banking,1,495.67,253.92,241.75000000000003,2025-02
50295,2025-02-06 18:00:00,North,Home,COD,1,727.99,253.42,474.57000000000005,2025-02
50296,2025-02-06 21:00:00,East,Home,UPI,5,897.74,196.16,4292.54,2025-02
50297,2025-02-07 00:00:00,West,Home,UPI,1,2627.4,193.3,2434.1,2025-02
50298,2025-02-07 03:00:00,South,Home,UPI,2,1382.6,63.48,2701.72,2025-02
50299,2025-02-07 06:00:00,South,Sports,UPI,4,2253.86,209.35,8806.09,2025-02
50300,2025-02-07 09:00:00,North,Beauty,UPI,4,734.59,550.9,2387.46,2025-02
50301,2025-02-07 12:00:00,South,Sports,COD,2,2599.38,403.46,4795.3,2025-02
50302,2025-02-07 15:00:00,North,Home,COD,5,708.71,380.68,3162.8700000000003,2025-02
50303,2025-02-07 18:00:00,South,Electronics,COD,1,773.53,277.94,495.59,2025-02
50304,2025-02-07 21:00:00,West,Fashion,UPI,2,4021.55,533.46,7509.64,2025-02
50305,2025-02-08 00:00:00,West,Fashion,Card,3,1006.52,206.27,2813.29,2025-02
50306,2025-02-08 03:00:00,West,Beauty,COD,5,960.26,212.93,4588.37,2025-02
50307,2025-02-08 06:00:00,South,Sports,UPI,5,2341.43,549.59,11157.56,2025-02
50308,2025-02-08 09:00:00,East,Sports,UPI,2,825.25,117.5,1533.0,2025-02
50309,2025-02-08 12:00:00,South,Sports,UPI,3,1469.33,453.79,3954.2,2025-02
50310,2025-02-08 15:00:00,South,Electronics,COD,4,1029.48,516.69,3601.23,2025-02
50311,2025-02-08 18:00:00,South,Beauty,COD,1,2024.15,116.3,1907.8500000000001,2025-02
50312,2025-02-08 21:00:00,South,Beauty,UPI,3,830.92,358.06,2134.7,2025-02
50313,2025-02-09 00:00:00,East,Beauty,Card,3,859.95,520.39,2059.4600000000005,2025-02
50314,2025-02-09 03:00:00,East,Electronics,Net Banking,1,1079.68,431.94,647.74,2025-02
50315,2025-02-09 06:00:00,South,Home,UPI,3,557.98,39.58,1634.3600000000001,2025-02
50316,2025-02-09 09:00:00,East,Fashion,UPI,5,1137.74,268.23,5420.469999999999,2025-02
50317,2025-02-09 12:00:00,North,Electronics,Card,3,776.9,339.54,1991.1599999999999,2025-02
50318,2025-02-09 15:00:00,North,Sports,COD,3,928.8,520.02,2266.3799999999997,2025-02
50319,2025-02-09 18:00:00,West,Sports,Card,4,2211.69,342.81,8503.95,2025-02
50320,2025-02-09 21:00:00,East,Home,Net Banking,3,1111.56,335.94,2998.74,2025-02
50321,2025-02-10 00:00:00,East,Home,UPI,4,1717.98,403.59,6468.33,2025-02
50322,2025-02-10 03:00:00,West,Home,Net Banking,4,889.76,161.51,3397.5299999999997,2025-02
50323,2025-02-10 06:00:00,North,Home,Card,4,515.84,468.85,1594.5100000000002,2025-02
50324,2025-02-10 09:00:00,South,Beauty,UPI,2,431.15,11.92,850.38,2025-02
50325,2025-02-10 12:00:00,North,Fashion,Card,3,1926.85,302.26,5478.289999999999,2025-02
50326,2025-02-10 15:00:00,South,Home,Card,1,2117.1,238.53,1878.57,2025-02
50327,2025-02-10 18:00:00,South,Electronics,COD,5,1430.59,109.35,7043.599999999999,2025-02
50328,2025-02-10 21:00:00,West,Beauty,UPI,2,1262.25,332.78,2191.7200000000003,2025-02
50329,2025-02-11 00:00:00,West,Home,UPI,3,613.5,401.79,1438.71,2025-02
50330,2025-02-11 03:00:00,South,Beauty,Card,1,1941.51,176.01,1765.5,2025-02
50331,2025-02-11 06:00:00,North,Fashion,UPI,5,2033.35,43.87,10122.88,2025-02
50332,2025-02-11 09:00:00,South,Fashion,Net Banking,1,3111.22,119.81,2991.41,2025-02
50333,2025-02-11 12:00:00,West,Fashion,COD,5,1477.42,226.24,7160.860000000001,2025-02
50334,2025-02-11 15:00:00,South,Sports,UPI,5,2418.61,231.74,11861.310000000001,2025-02
50335,2025-02-11 18:00:00,West,Fashion,Card,2,1059.87,177.23,1942.5099999999998,2025-02
50336,2025-02-11 21:00:00,South,Sports,UPI,4,253.89,433.84,581.72,2025-02
50337,2025-02-12 00:00:00,South,Electronics,COD,3,2077.59,281.5,5951.27,2025-02
50338,2025-02-12 03:00:00,South,Sports,UPI,1,1392.99,192.16,1200.83,2025-02
50339,2025-02-12 06:00:00,West,Sports,UPI,1,1039.89,195.41,844.4800000000001,2025-02
50340,2025-02-12 09:00:00,West,Beauty,Card,4,1583.97,227.5,6108.38,2025-02
50341,2025-02-12 12:00:00,West,Sports,Net Banking,4,1805.69,417.91,6804.85,2025-02
50342,2025-02-12 15:00:00,South,Fashion,Net Banking,4,1063.65,520.04,3734.5600000000004,2025-02
50343,2025-02-12 18:00:00,South,Electronics,UPI,4,1083.4,322.78,4010.8200000000006,2025-02
50344,2025-02-12 21:00:00,South,Electronics,UPI,1,1255.66,318.79,936.8700000000001,2025-02
50345,2025-02-13 00:00:00,East,Beauty,COD,1,432.36,117.53,314.83000000000004,2025-02
50346,2025-02-13 03:00:00,South,Fashion,COD,2,2916.92,100.9,5732.9400000000005,2025-02
50347,2025-02-13 06:00:00,West,Electronics,COD,2,812.32,290.99,1333.65,2025-02
50348,2025-02-13 09:00:00,South,Home,Net Banking,3,1647.61,583.67,4359.16,2025-02
50349,2025-02-13 12:00:00,West,Home,Card,5,370.38,172.94,1678.96,2025-02
50350,2025-02-13 15:00:00,East,Beauty,Card,2,1213.28,478.55,1948.01,2025-02
50351,2025-02-13 18:00:00,South,Fashion,Net Banking,4,2293.39,585.9,8587.66,2025-02
50352,2025-02-13 21:00:00,South,Electronics,Card,4,366.85,41.9,1425.5,2025-02
50353,2025-02-14 00:00:00,East,Sports,Net Banking,2,617.94,479.08,756.8000000000002,2025-02
50354,2025-02-14 03:00:00,East,Sports,Net Banking,5,1118.49,78.99,5513.46,2025-02
50355,2025-02-14 06:00:00,South,Beauty,Net Banking,2,1626.0,83.61,3168.39,2025-02
50356,2025-02-14 09:00:00,West,Fashion,Card,1,780.53,119.2,661.3299999999999,2025-02
50357,2025-02-14 12:00:00,West,Electronics,UPI,4,832.13,532.32,2796.2,2025-02
50358,2025-02-14 15:00:00,North,Home,UPI,3,1943.84,597.96,5233.5599999999995,2025-02
50359,2025-02-14 18:00:00,South,Fashion,UPI,4,545.82,4.35,2178.9300000000003,2025-02
50360,2025-02-14 21:00:00,East,Sports,UPI,5,1116.24,376.43,5204.7699999999995,2025-02
50361,2025-02-15 00:00:00,West,Beauty,COD,1,683.25,128.76,554.49,2025-02
50362,2025-02-15 03:00:00,East,Electronics,UPI,2,703.34,210.11,1196.5700000000002,2025-02
50363,2025-02-15 06:00:00,South,Home,UPI,1,1133.12,489.43,643.6899999999998,2025-02
50364,2025-02-15 09:00:00,North,Beauty,COD,3,813.13,553.75,1885.6399999999999,2025-02
50365,2025-02-15 12:00:00,East,Electronics,Card,2,1460.06,63.4,2856.72,2025-02
50366,2025-02-15 15:00:00,South,Beauty,COD,1,1075.89,46.59,1029.3000000000002,2025-02
50367,2025-02-15 18:00:00,East,Sports,Net Banking,2,977.83,92.67,1862.99,2025-02
50368,2025-02-15 21:00:00,South,Fashion,UPI,1,921.09,382.72,538.37,2025-02
50369,2025-02-16 00:00:00,South,Electronics,Card,5,2861.92,338.33,13971.27,2025-02
50370,2025-02-16 03:00:00,West,Sports,UPI,1,1267.18,394.36,872.82,2025-02
50371,2025-02-16 06:00:00,East,Electronics,Card,5,1506.39,502.41,7029.540000000001,2025-02
50372,2025-02-16 09:00:00,South,Sports,Card,4,1500.33,519.74,5481.58,2025-02
50373,2025-02-16 12:00:00,West,Sports,Card,2,3970.62,504.75,7436.49,2025-02
50374,2025-02-16 15:00:00,East,Fashion,COD,1,982.04,484.72,497.31999999999994,2025-02
50375,2025-02-16 18:00:00,East,Electronics,UPI,2,902.48,274.14,1530.8200000000002,2025-02
50376,2025-02-16 21:00:00,South,Beauty,Net Banking,1,1718.52,450.67,1267.85,2025-02
50377,2025-02-17 00:00:00,East,Home,UPI,3,551.46,133.49,1520.89,2025-02
50378,2025-02-17 03:00:00,North,Sports,Card,2,1141.86,521.87,1761.85,2025-02
50379,2025-02-17 06:00:00,South,Sports,Net Banking,4,2029.52,416.48,7701.6,2025-02
50380,2025-02-17 09:00:00,North,Electronics,COD,4,857.71,180.47,3250.3700000000003,2025-02
50381,2025-02-17 12:00:00,South,Home,Net Banking,3,1448.06,569.02,3775.1600000000003,2025-02
50382,2025-02-17 15:00:00,West,Beauty,Net Banking,4,1297.86,515.14,4676.299999999999,2025-02
50383,2025-02-17 18:00:00,East,Beauty,UPI,2,969.16,53.34,1884.98,2025-02
50384,2025-02-17 21:00:00,South,Sports,COD,4,1469.44,229.6,5648.16,2025-02
50385,2025-02-18 00:00:00,South,Home,UPI,5,908.25,91.56,4449.69,2025-02
50386,2025-02-18 03:00:00,North,Home,UPI,5,1773.86,507.77,8361.529999999999,2025-02
50387,2025-02-18 06:00:00,East,Beauty,UPI,1,1122.86,74.09,1048.77,2025-02
50388,2025-02-18 09:00:00,West,Sports,UPI,3,961.07,421.15,2462.06,2025-02
50389,2025-02-18 12:00:00,North,Beauty,COD,3,1352.65,480.08,3577.8700000000003,2025-02
50390,2025-02-18 15:00:00,South,Electronics,UPI,3,1281.99,269.43,3576.5400000000004,2025-02
50391,2025-02-18 18:00:00,South,Home,UPI,5,2040.18,507.97,9692.93,2025-02
50392,2025-02-18 21:00:00,West,Home,Card,3,1427.86,96.46,4187.12,2025-02
50393,2025-02-19 00:00:00,North,Sports,COD,5,3742.62,438.28,18274.82,2025-02
50394,2025-02-19 03:00:00,South,Beauty,COD,5,1103.45,198.06,5319.19,2025-02
50395,2025-02-19 06:00:00,South,Beauty,Card,2,939.81,587.76,1291.86,2025-02
50396,2025-02-19 09:00:00,East,Home,Card,2,1459.04,596.19,2321.89,2025-02
50397,2025-02-19 12:00:00,West,Electronics,UPI,1,607.77,172.86,434.90999999999997,2025-02
50398,2025-02-19 15:00:00,South,Home,COD,4,2258.73,299.78,8735.14,2025-02
50399,2025-02-19 18:00:00,East,Sports,Card,2,1678.56,326.94,3030.18,2025-02
50400,2025-02-19 21:00:00,South,Fashion,Card,5,1024.01,183.15,4936.900000000001,2025-02
50401,2025-02-20 00:00:00,West,Fashion,UPI,1,771.6,469.11,302.49,2025-02
50402,2025-02-20 03:00:00,East,Home,UPI,3,1154.6,509.95,2953.85,2025-02
50403,2025-02-20 06:00:00,South,Fashion,COD,4,1782.81,212.78,6918.46,2025-02
50404,2025-02-20 09:00:00,West,Sports,UPI,5,3176.3,559.29,15322.21,2025-02
50405,2025-02-20 12:00:00,West,Fashion,COD,5,656.56,496.17,2786.6299999999997,2025-02
50406,2025-02-20 15:00:00,North,Fashion,UPI,5,692.3,573.89,2887.61,2025-02
50407,2025-02-20 18:00:00,South,Beauty,Card,2,1537.46,231.5,2843.42,2025-02
50408,2025-02-20 21:00:00,North,Electronics,Card,2,1900.05,585.23,3214.87,2025-02
50409,2025-02-21 00:00:00,North,Sports,COD,2,1515.28,399.09,2631.47,2025-02
50410,2025-02-21 03:00:00,North,Electronics,COD,4,1015.23,0.06,4060.86,2025-02
50411,2025-02-21 06:00:00,South,Sports,Card,2,1449.74,40.7,2858.78,2025-02
50412,2025-02-21 09:00:00,East,Fashion,UPI,3,1610.73,216.24,4615.950000000001,2025-02
50413,2025-02-21 12:00:00,West,Home,Card,5,1111.8,366.41,5192.59,2025-02
50414,2025-02-21 15:00:00,South,Electronics,COD,3,1811.93,447.02,4988.77,2025-02
50415,2025-02-21 18:00:00,West,Fashion,UPI,1,1171.8,251.4,920.4,2025-02
50416,2025-02-21 21:00:00,South,Home,Card,5,1503.07,570.13,6945.219999999999,2025-02
50417,2025-02-22 00:00:00,East,Fashion,COD,5,1109.23,149.77,5396.379999999999,2025-02
50418,2025-02-22 03:00:00,West,Sports,COD,4,1320.02,415.74,4864.34,2025-02
50419,2025-02-22 06:00:00,East,Fashion,COD,1,2650.14,162.38,2487.7599999999998,2025-02
50420,2025-02-22 09:00:00,West,Electronics,Net Banking,4,649.03,196.94,2399.18,2025-02
50421,2025-02-22 12:00:00,East,Beauty,UPI,3,1096.66,244.7,3045.2800000000007,2025-02
50422,2025-02-22 15:00:00,South,Beauty,UPI,5,3317.32,120.03,16466.570000000003,2025-02
50423,2025-02-22 18:00:00,West,Home,Card,5,463.66,326.33,1991.9700000000003,2025-02
50424,2025-02-22 21:00:00,West,Electronics,UPI,2,1283.17,181.0,2385.34,2025-02
50425,2025-02-23 00:00:00,West,Beauty,COD,5,1055.62,123.64,5154.459999999999,2025-02
50426,2025-02-23 03:00:00,East,Sports,Card,3,518.66,451.09,1104.89,2025-02
50427,2025-02-23 06:00:00,West,Sports,UPI,1,520.96,445.44,75.52000000000004,2025-02
50428,2025-02-23 09:00:00,East,Sports,UPI,2,752.96,420.59,1085.3300000000002,2025-02
50429,2025-02-23 12:00:00,East,Beauty,UPI,5,1221.94,34.73,6074.970000000001,2025-02
50430,2025-02-23 15:00:00,South,Electronics,COD,3,1359.41,427.14,3651.0900000000006,2025-02
50431,2025-02-23 18:00:00,West,Home,COD,4,940.69,502.85,3259.9100000000003,2025-02
50432,2025-02-23 21:00:00,West,Beauty,UPI,4,837.68,407.28,2943.4399999999996,2025-02
50433,2025-02-24 00:00:00,South,Electronics,Card,1,879.3,58.08,821.2199999999999,2025-02
50434,2025-02-24 03:00:00,East,Home,Card,1,1252.2,432.33,819.8700000000001,2025-02
50435,2025-02-24 06:00:00,South,Fashion,UPI,3,562.89,197.29,1491.38,2025-02
50436,2025-02-24 09:00:00,South,Beauty,Card,5,2386.09,363.73,11566.720000000001,2025-02
50437,2025-02-24 12:00:00,South,Sports,UPI,3,460.23,388.88,991.8100000000001,2025-02
50438,2025-02-24 15:00:00,East,Beauty,Net Banking,1,2419.21,394.93,2024.28,2025-02
50439,2025-02-24 18:00:00,West,Electronics,UPI,4,564.65,458.03,1800.57,2025-02
50440,2025-02-24 21:00:00,West,Beauty,UPI,3,987.74,421.84,2541.38,2025-02
50441,2025-02-25 00:00:00,East,Fashion,Card,4,1345.74,579.48,4803.48,2025-02
50442,2025-02-25 03:00:00,North,Home,Card,5,1057.84,98.34,5190.86,2025-02
50443,2025-02-25 06:00:00,South,Beauty,UPI,1,374.61,538.85,50.0,2025-02
50444,2025-02-25 09:00:00,South,Beauty,UPI,5,977.97,456.12,4433.7300000000005,2025-02
50445,2025-02-25 12:00:00,South,Electronics,COD,1,643.16,518.51,124.64999999999998,2025-02
50446,2025-02-25 15:00:00,North,Electronics,UPI,4,809.39,52.18,3185.38,2025-02
50447,2025-02-25 18:00:00,East,Fashion,UPI,2,1273.49,424.07,2122.91,2025-02
50448,2025-02-25 21:00:00,East,Electronics,UPI,1,2525.0,88.6,2436.4,2025-02
50449,2025-02-26 00:00:00,East,Fashion,Net Banking,5,1297.68,304.08,6184.320000000001,2025-02
50450,2025-02-26 03:00:00,South,Electronics,COD,1,1248.67,595.8,652.8700000000001,2025-02
50451,2025-02-26 06:00:00,North,Fashion,UPI,5,970.93,158.48,4696.17,2025-02
50452,2025-02-26 09:00:00,South,Home,Card,4,2128.72,461.59,8053.289999999999,2025-02
50453,2025-02-26 12:00:00,North,Beauty,Card,4,756.38,582.7,2442.8199999999997,2025-02
50454,2025-02-26 15:00:00,East,Sports,Net Banking,3,1536.48,542.48,4066.9600000000005,2025-02
50455,2025-02-26 18:00:00,South,Electronics,UPI,3,791.6,235.3,2139.5,2025-02
50456,2025-02-26 21:00:00,East,Beauty,UPI,3,731.27,284.15,1909.6599999999999,2025-02
50457,2025-02-27 00:00:00,South,Electronics,Card,4,921.47,556.01,3129.87,2025-02
50458,2025-02-27 03:00:00,East,Sports,UPI,3,2160.77,528.76,5953.549999999999,2025-02
50459,2025-02-27 06:00:00,West,Sports,Net Banking,5,467.37,267.5,2069.35,2025-02
50460,2025-02-27 09:00:00,North,Sports,COD,3,1528.6,402.54,4183.259999999999,2025-02
50461,2025-02-27 12:00:00,West,Beauty,COD,1,945.0,315.37,629.63,2025-02
50462,2025-02-27 15:00:00,West,Home,Card,3,1238.08,23.32,3690.9199999999996,2025-02
50463,2025-02-27 18:00:00,South,Beauty,Net Banking,5,777.72,203.83,3684.7700000000004,2025-02
50464,2025-02-27 21:00:00,West,Electronics,UPI,2,1719.41,309.85,3128.9700000000003,2025-02
50465,2025-02-28 00:00:00,South,Electronics,COD,5,2335.27,253.68,11422.67,2025-02
50466,2025-02-28 03:00:00,South,Sports,UPI,4,2043.25,112.55,8060.45,2025-02
50467,2025-02-28 06:00:00,North,Home,UPI,3,1112.61,38.62,3299.21,2025-02
50468,2025-02-28 09:00:00,East,Home,Card,4,1163.07,156.6,4495.679999999999,2025-02
50469,2025-02-28 12:00:00,South,Home,UPI,5,2139.04,23.41,10671.79,2025-02
50470,2025-02-28 15:00:00,East,Sports,COD,3,987.87,378.73,2584.88,2025-02
50471,2025-02-28 18:00:00,North,Beauty,Card,3,992.55,397.13,2580.5199999999995,2025-02
50472,2025-02-28 21:00:00,East,Home,Card,3,1265.25,112.54,3683.21,2025-02
50473,2025-03-01 00:00:00,West,Home,UPI,1,1091.61,549.15,542.4599999999999,2025-03
50474,2025-03-01 03:00:00,East,Fashion,Net Banking,3,749.06,342.94,1904.2399999999998,2025-03
50475,2025-03-01 06:00:00,West,Sports,UPI,3,1084.09,18.78,3233.4899999999993,2025-03
50476,2025-03-01 09:00:00,North,Beauty,UPI,3,809.54,234.35,2194.27,2025-03
50477,2025-03-01 12:00:00,South,Sports,UPI,3,2771.42,383.8,7930.46,2025-03
50478,2025-03-01 15:00:00,North,Sports,Card,1,1001.04,2.26,998.78,2025-03
50479,2025-03-01 18:00:00,South,Beauty,COD,1,1395.93,143.73,1252.2,2025-03
50480,2025-03-01 21:00:00,South,Home,Net Banking,1,425.19,148.92,276.27,2025-03
50481,2025-03-02 00:00:00,North,Beauty,COD,4,869.76,13.98,3465.06,2025-03
50482,2025-03-02 03:00:00,West,Sports,UPI,1,1710.33,91.42,1618.9099999999999,2025-03
50483,2025-03-02 06:00:00,North,Home,COD,2,1107.67,408.91,1806.43,2025-03
50484,2025-03-02 09:00:00,North,Beauty,COD,2,1089.96,597.46,1582.46,2025-03
50485,2025-03-02 12:00:00,South,Home,Net Banking,4,1423.45,263.83,5429.97,2025-03
50486,2025-03-02 15:00:00,South,Home,Card,4,1307.09,499.68,4728.679999999999,2025-03
50487,2025-03-02 18:00:00,West,Home,COD,4,1720.31,566.63,6314.61,2025-03
50488,2025-03-02 21:00:00,South,Beauty,UPI,4,366.92,201.54,1266.14,2025-03
50489,2025-03-03 00:00:00,North,Home,Card,4,2662.09,372.12,10276.24,2025-03
50490,2025-03-03 03:00:00,East,Beauty,Card,1,1036.0,378.63,657.37,2025-03
50491,2025-03-03 06:00:00,South,Electronics,Card,4,978.33,481.06,3432.26,2025-03
50492,2025-03-03 09:00:00,North,Fashion,UPI,2,2047.11,590.22,3504.0,2025-03
50493,2025-03-03 12:00:00,South,Sports,UPI,5,683.86,136.33,3282.9700000000003,2025-03
50494,2025-03-03 15:00:00,North,Fashion,UPI,3,2115.27,310.96,6034.849999999999,2025-03
50495,2025-03-03 18:00:00,South,Electronics,Card,1,3213.53,112.01,3101.52,2025-03
50496,2025-03-03 21:00:00,West,Home,COD,4,1144.42,536.83,4040.8500000000004,2025-03
50497,2025-03-04 00:00:00,North,Beauty,COD,4,1200.48,588.95,4212.97,2025-03
50498,2025-03-04 03:00:00,South,Sports,UPI,2,501.87,33.35,970.39,2025-03
50499,2025-03-04 06:00:00,South,Electronics,Card,4,919.31,248.09,3429.1499999999996,2025-03
50500,2025-03-04 09:00:00,East,Fashion,Card,2,984.0,565.93,1402.0700000000002,2025-03
50501,2025-03-04 12:00:00,West,Home,Card,5,1401.74,151.44,6857.26,2025-03
50502,2025-03-04 15:00:00,South,Sports,Card,4,4407.12,188.56,17439.92,2025-03
50503,2025-03-04 18:00:00,North,Beauty,UPI,2,1251.61,43.34,2459.8799999999997,2025-03
50504,2025-03-04 21:00:00,North,Sports,Card,5,2633.06,118.14,13047.16,2025-03
50505,2025-03-05 00:00:00,East,Electronics,UPI,3,1917.39,503.03,5249.14,2025-03
50506,2025-03-05 03:00:00,East,Sports,UPI,3,1567.59,80.06,4622.709999999999,2025-03
50507,2025-03-05 06:00:00,North,Beauty,Card,2,2057.09,89.09,4025.09,2025-03
50508,2025-03-05 09:00:00,North,Home,UPI,4,1131.95,33.11,4494.6900000000005,2025-03
50509,2025-03-05 12:00:00,East,Fashion,COD,1,2068.97,554.78,1514.1899999999998,2025-03
50510,2025-03-05 15:00:00,East,Beauty,UPI,2,616.28,425.63,806.93,2025-03
50511,2025-03-05 18:00:00,South,Fashion,UPI,5,1086.8,421.35,5012.65,2025-03
50512,2025-03-05 21:00:00,West,Electronics,COD,3,1132.34,37.56,3359.4599999999996,2025-03
50513,2025-03-06 00:00:00,North,Fashion,Card,2,1838.63,1.64,3675.6200000000003,2025-03
50514,2025-03-06 03:00:00,East,Fashion,Net Banking,5,321.99,72.2,1537.75,2025-03
50515,2025-03-06 06:00:00,South,Beauty,UPI,2,1749.43,97.24,3401.6200000000003,2025-03
50516,2025-03-06 09:00:00,West,Electronics,Card,5,1956.04,313.83,9466.37,2025-03
50517,2025-03-06 12:00:00,South,Beauty,COD,3,649.34,430.75,1517.27,2025-03
50518,2025-03-06 15:00:00,South,Sports,UPI,1,1655.07,144.59,1510.48,2025-03
50519,2025-03-06 18:00:00,East,Sports,COD,5,619.79,19.62,3079.33,2025-03
50520,2025-03-06 21:00:00,South,Fashion,Card,5,2986.34,392.54,14539.16,2025-03
50521,2025-03-07 00:00:00,West,Fashion,Card,2,1383.76,124.09,2643.43,2025-03
50522,2025-03-07 03:00:00,South,Electronics,UPI,3,1439.13,159.21,4158.18,2025-03
50523,2025-03-07 06:00:00,South,Sports,COD,3,1407.46,415.72,3806.66,2025-03
50524,2025-03-07 09:00:00,North,Fashion,Card,3,672.98,77.22,1941.72,2025-03
50525,2025-03-07 12:00:00,West,Fashion,COD,5,1655.61,83.95,8194.099999999999,2025-03
50526,2025-03-07 15:00:00,South,Home,COD,2,695.18,99.64,1290.7199999999998,2025-03
50527,2025-03-07 18:00:00,West,Home,Card,5,1029.29,220.58,4925.87,2025-03
50528,2025-03-07 21:00:00,West,Home,COD,4,1317.61,478.62,4791.82,2025-03
50529,2025-03-08 00:00:00,North,Sports,COD,1,426.51,35.75,390.76,2025-03
50530,2025-03-08 03:00:00,East,Sports,Net Banking,1,3239.92,375.47,2864.45,2025-03
50531,2025-03-08 06:00:00,West,Sports,UPI,3,1877.29,131.2,5500.67,2025-03
50532,2025-03-08 09:00:00,South,Home,Card,5,1004.39,182.21,4839.74,2025-03
50533,2025-03-08 12:00:00,South,Sports,Card,3,538.39,8.85,1606.3200000000002,2025-03
50534,2025-03-08 15:00:00,South,Beauty,UPI,3,2162.25,356.66,6130.09,2025-03
50535,2025-03-08 18:00:00,South,Home,UPI,3,874.75,257.41,2366.84,2025-03
50536,2025-03-08 21:00:00,West,Home,COD,1,1211.75,92.75,1119.0,2025-03
50537,2025-03-09 00:00:00,South,Sports,UPI,2,3238.25,411.18,6065.32,2025-03
50538,2025-03-09 03:00:00,South,Electronics,UPI,1,1194.8,446.05,748.75,2025-03
50539,2025-03-09 06:00:00,South,Beauty,UPI,4,1405.02,420.42,5199.66,2025-03
50540,2025-03-09 09:00:00,South,Beauty,UPI,3,3440.0,579.66,9740.34,2025-03
50541,2025-03-09 12:00:00,West,Electronics,COD,1,2701.77,261.84,2439.93,2025-03
50542,2025-03-09 15:00:00,West,Fashion,Card,3,1645.44,125.92,4810.4,2025-03
50543,2025-03-09 18:00:00,South,Home,UPI,2,674.64,474.09,875.19,2025-03
50544,2025-03-09 21:00:00,North,Fashion,COD,4,1824.42,230.05,7067.63,2025-03
50545,2025-03-10 00:00:00,South,Electronics,Card,4,1366.47,565.08,4900.8,2025-03
50546,2025-03-10 03:00:00,West,Home,COD,3,978.52,518.05,2417.51,2025-03
50547,2025-03-10 06:00:00,South,Beauty,UPI,3,4007.56,43.48,11979.2,2025-03
50548,2025-03-10 09:00:00,West,Electronics,Card,3,2370.68,134.62,6977.419999999999,2025-03
50549,2025-03-10 12:00:00,South,Electronics,COD,4,1711.6,227.45,6618.95,2025-03
50550,2025-03-10 15:00:00,West,Beauty,Card,5,842.17,563.45,3647.3999999999996,2025-03
50551,2025-03-10 18:00:00,North,Sports,Card,5,1376.86,373.44,6510.86,2025-03
50552,2025-03-10 21:00:00,South,Beauty,COD,3,252.2,71.61,684.9899999999999,2025-03
50553,2025-03-11 00:00:00,West,Electronics,Card,1,963.83,354.48,609.35,2025-03
50554,2025-03-11 03:00:00,South,Electronics,UPI,3,571.61,475.3,1239.53,2025-03
50555,2025-03-11 06:00:00,North,Fashion,COD,1,559.82,576.66,50.0,2025-03
50556,2025-03-11 09:00:00,West,Home,UPI,2,1732.33,231.71,3232.95,2025-03
50557,2025-03-11 12:00:00,South,Electronics,UPI,1,2371.04,23.86,2347.18,2025-03
50558,2025-03-11 15:00:00,North,Electronics,UPI,3,1424.6,596.57,3677.229999999999,2025-03
50559,2025-03-11 18:00:00,North,Sports,Card,5,1348.01,47.81,6692.24,2025-03
50560,2025-03-11 21:00:00,West,Fashion,UPI,3,713.92,262.62,1879.1399999999999,2025-03
50561,2025-03-12 00:00:00,West,Fashion,Card,3,1826.7,426.67,5053.43,2025-03
50562,2025-03-12 03:00:00,East,Electronics,Card,4,2586.76,83.96,10263.080000000002,2025-03
50563,2025-03-12 06:00:00,South,Electronics,Card,3,764.77,176.44,2117.87,2025-03
50564,2025-03-12 09:00:00,North,Electronics,UPI,3,2239.13,280.65,6436.740000000001,2025-03
50565,2025-03-12 12:00:00,North,Sports,UPI,3,653.04,378.01,1581.11,2025-03
50566,2025-03-12 15:00:00,South,Sports,Card,5,1111.45,555.4,5001.85,2025-03
50567,2025-03-12 18:00:00,South,Electronics,COD,1,927.45,73.88,853.57,2025-03
50568,2025-03-12 21:00:00,East,Fashion,Card,2,1264.0,466.37,2061.63,2025-03
50569,2025-03-13 00:00:00,East,Sports,UPI,4,2129.19,585.66,7931.1,2025-03
50570,2025-03-13 03:00:00,West,Beauty,Net Banking,4,1382.83,203.51,5327.8099999999995,2025-03
50571,2025-03-13 06:00:00,South,Beauty,UPI,4,2906.47,157.84,11468.039999999999,2025-03
50572,2025-03-13 09:00:00,West,Beauty,COD,4,1071.64,309.5,3977.0600000000004,2025-03
50573,2025-03-13 12:00:00,South,Home,Card,3,1384.81,280.93,3873.5000000000005,2025-03
50574,2025-03-13 15:00:00,South,Sports,UPI,1,2841.98,121.07,2720.91,2025-03
50575,2025-03-13 18:00:00,West,Beauty,UPI,5,2599.6,199.36,12798.64,2025-03
50576,2025-03-13 21:00:00,North,Sports,Card,4,491.08,107.66,1856.6599999999999,2025-03
50577,2025-03-14 00:00:00,South,Home,UPI,3,1179.11,462.17,3075.16,2025-03
50578,2025-03-14 03:00:00,South,Fashion,Card,2,4222.28,305.83,8138.73,2025-03
50579,2025-03-14 06:00:00,North,Beauty,UPI,2,850.83,579.02,1122.64,2025-03
50580,2025-03-14 09:00:00,South,Beauty,Card,5,1731.57,377.5,8280.35,2025-03
50581,2025-03-14 12:00:00,South,Beauty,UPI,3,890.48,502.4,2169.04,2025-03
50582,2025-03-14 15:00:00,West,Fashion,Card,1,1056.01,136.05,919.96,2025-03
50583,2025-03-14 18:00:00,West,Home,COD,5,1031.42,79.42,5077.68,2025-03
50584,2025-03-14 21:00:00,South,Home,Card,3,1786.91,374.26,4986.47,2025-03
50585,2025-03-15 00:00:00,South,Home,UPI,1,614.93,92.1,522.8299999999999,2025-03
50586,2025-03-15 03:00:00,North,Home,COD,3,1489.68,186.4,4282.64,2025-03
50587,2025-03-15 06:00:00,North,Electronics,COD,3,1062.58,318.24,2869.5,2025-03
50588,2025-03-15 09:00:00,West,Sports,COD,3,1427.11,454.11,3827.22,2025-03
50589,2025-03-15 12:00:00,South,Sports,UPI,1,1816.38,56.69,1759.69,2025-03
50590,2025-03-15 15:00:00,South,Home,UPI,4,1724.24,353.31,6543.65,2025-03
50591,2025-03-15 18:00:00,East,Beauty,COD,3,811.0,528.24,1904.76,2025-03
50592,2025-03-15 21:00:00,North,Fashion,UPI,3,1262.13,573.74,3212.6500000000005,2025-03
50593,2025-03-16 00:00:00,East,Fashion,Card,2,2485.41,23.45,4947.37,2025-03
50594,2025-03-16 03:00:00,West,Fashion,Card,2,1006.75,364.11,1649.3899999999999,2025-03
50595,2025-03-16 06:00:00,South,Fashion,Card,1,696.37,325.67,370.7,2025-03
50596,2025-03-16 09:00:00,South,Sports,Card,2,1085.16,256.42,1913.9,2025-03
50597,2025-03-16 12:00:00,North,Fashion,Card,3,2160.22,91.55,6389.11,2025-03
50598,2025-03-16 15:00:00,West,Beauty,UPI,4,282.7,275.98,854.8199999999999,2025-03
50599,2025-03-16 18:00:00,East,Electronics,UPI,2,1558.23,455.81,2660.65,2025-03
50600,2025-03-16 21:00:00,South,Sports,COD,2,1618.52,504.16,2732.88,2025-03
50601,2025-03-17 00:00:00,East,Fashion,Card,4,2374.3,201.71,9295.490000000002,2025-03
50602,2025-03-17 03:00:00,West,Fashion,UPI,4,1182.2,230.38,4498.42,2025-03
50603,2025-03-17 06:00:00,North,Home,Card,4,1578.56,274.15,6040.09,2025-03
50604,2025-03-17 09:00:00,East,Sports,UPI,3,1041.51,528.0,2596.5299999999997,2025-03
50605,2025-03-17 12:00:00,South,Electronics,Card,1,1235.88,265.3,970.5800000000002,2025-03
50606,2025-03-17 15:00:00,East,Home,UPI,1,774.15,372.86,401.28999999999996,2025-03
50607,2025-03-17 18:00:00,West,Home,UPI,3,2402.21,317.78,6888.85,2025-03
50608,2025-03-17 21:00:00,East,Beauty,Card,5,1468.82,279.97,7064.129999999999,2025-03
50609,2025-03-18 00:00:00,South,Home,UPI,3,1205.41,594.08,3022.1500000000005,2025-03
50610,2025-03-18 03:00:00,South,Fashion,UPI,3,1350.01,330.04,3719.99,2025-03
50611,2025-03-18 06:00:00,South,Electronics,Card,2,1205.99,375.84,2036.14,2025-03
50612,2025-03-18 09:00:00,North,Home,Card,2,833.62,582.26,1084.98,2025-03
50613,2025-03-18 12:00:00,East,Fashion,UPI,3,1583.01,99.42,4649.61,2025-03
50614,2025-03-18 15:00:00,East,Home,COD,1,514.59,104.88,409.71000000000004,2025-03
50615,2025-03-18 18:00:00,South,Fashion,UPI,1,657.97,129.32,528.6500000000001,2025-03
50616,2025-03-18 21:00:00,South,Home,Net Banking,5,2347.46,115.54,11621.759999999998,2025-03
50617,2025-03-19 00:00:00,South,Sports,Card,3,735.1,67.3,2138.0,2025-03
50618,2025-03-19 03:00:00,South,Fashion,Card,1,1164.11,482.1,682.0099999999999,2025-03
50619,2025-03-19 06:00:00,East,Sports,Net Banking,2,2158.61,524.74,3792.4800000000005,2025-03
50620,2025-03-19 09:00:00,West,Electronics,COD,1,1257.75,143.42,1114.33,2025-03
50621,2025-03-19 12:00:00,East,Home,Net Banking,3,1548.07,429.73,4214.48,2025-03
50622,2025-03-19 15:00:00,South,Sports,UPI,1,1299.57,430.97,868.5999999999999,2025-03
50623,2025-03-19 18:00:00,South,Sports,Card,3,1313.86,429.91,3511.67,2025-03
50624,2025-03-19 21:00:00,North,Sports,Card,5,886.81,88.47,4345.579999999999,2025-03
50625,2025-03-20 00:00:00,East,Beauty,UPI,4,1124.14,278.12,4218.4400000000005,2025-03
50626,2025-03-20 03:00:00,North,Fashion,COD,4,703.88,463.34,2352.18,2025-03
50627,2025-03-20 06:00:00,West,Home,UPI,4,2684.14,77.24,10659.32,2025-03
50628,2025-03-20 09:00:00,North,Beauty,UPI,3,607.69,471.29,1351.7800000000002,2025-03
50629,2025-03-20 12:00:00,South,Home,UPI,1,687.7,229.85,457.85,2025-03
50630,2025-03-20 15:00:00,North,Fashion,Card,1,835.3,261.18,574.1199999999999,2025-03
50631,2025-03-20 18:00:00,East,Home,COD,4,1857.83,139.53,7291.79,2025-03
50632,2025-03-20 21:00:00,North,Home,COD,3,1433.07,64.49,4234.72,2025-03
50633,2025-03-21 00:00:00,North,Sports,UPI,2,1524.78,492.83,2556.73,2025-03
50634,2025-03-21 03:00:00,North,Beauty,Card,3,2526.96,65.34,7515.54,2025-03
50635,2025-03-21 06:00:00,South,Fashion,UPI,1,1220.23,502.35,717.88,2025-03
50636,2025-03-21 09:00:00,South,Home,Card,1,582.21,497.35,84.86000000000001,2025-03
50637,2025-03-21 12:00:00,West,Home,COD,2,616.68,54.21,1179.1499999999999,2025-03
50638,2025-03-21 15:00:00,South,Beauty,UPI,4,1825.09,192.05,7108.3099999999995,2025-03
50639,2025-03-21 18:00:00,South,Fashion,UPI,1,1578.38,197.33,1381.0500000000002,2025-03
50640,2025-03-21 21:00:00,North,Electronics,Card,2,823.47,220.5,1426.44,2025-03
50641,2025-03-22 00:00:00,North,Beauty,Card,4,2925.7,105.52,11597.279999999999,2025-03
50642,2025-03-22 03:00:00,South,Beauty,Net Banking,2,886.59,95.48,1677.7,2025-03
50643,2025-03-22 06:00:00,South,Fashion,UPI,2,1845.12,274.17,3416.0699999999997,2025-03
50644,2025-03-22 09:00:00,East,Beauty,Net Banking,1,2111.41,229.21,1882.1999999999998,2025-03
50645,2025-03-22 12:00:00,South,Sports,Card,5,237.22,110.31,1075.79,2025-03
50646,2025-03-22 15:00:00,North,Electronics,Card,2,1974.56,253.01,3696.1099999999997,2025-03
50647,2025-03-22 18:00:00,South,Sports,COD,1,2674.21,570.99,2103.2200000000003,2025-03
50648,2025-03-22 21:00:00,East,Electronics,UPI,2,824.24,84.81,1563.67,2025-03
50649,2025-03-23 00:00:00,North,Fashion,UPI,5,1589.04,282.7,7662.5,2025-03
50650,2025-03-23 03:00:00,East,Beauty,Card,5,1902.16,95.09,9415.710000000001,2025-03
50651,2025-03-23 06:00:00,West,Home,UPI,2,640.07,257.25,1022.8900000000001,2025-03
50652,2025-03-23 09:00:00,South,Sports,Net Banking,4,1783.17,244.58,6888.1,2025-03
50653,2025-03-23 12:00:00,North,Electronics,COD,4,1119.52,190.72,4287.36,2025-03
50654,2025-03-23 15:00:00,South,Fashion,UPI,5,678.76,582.04,2811.76,2025-03
50655,2025-03-23 18:00:00,West,Home,UPI,1,594.3,560.04,50.0,2025-03
50656,2025-03-23 21:00:00,East,Fashion,COD,5,533.3,221.46,2445.04,2025-03
50657,2025-03-24 00:00:00,North,Home,COD,3,1503.54,356.92,4153.7,2025-03
50658,2025-03-24 03:00:00,East,Home,UPI,1,1635.49,476.55,1158.94,2025-03
50659,2025-03-24 06:00:00,South,Sports,Card,3,703.49,68.0,2042.4700000000003,2025-03
50660,2025-03-24 09:00:00,West,Fashion,UPI,2,1669.35,96.0,3242.7,2025-03
50661,2025-03-24 12:00:00,South,Fashion,UPI,2,2079.39,507.74,3651.04,2025-03
50662,2025-03-24 15:00:00,East,Sports,Card,3,939.25,85.35,2732.4,2025-03
50663,2025-03-24 18:00:00,North,Home,UPI,2,1244.23,165.66,2322.8,2025-03
50664,2025-03-24 21:00:00,West,Home,UPI,2,1137.31,302.83,1971.79,2025-03
50665,2025-03-25 00:00:00,South,Electronics,UPI,1,402.59,286.28,116.31,2025-03
50666,2025-03-25 03:00:00,North,Home,UPI,1,1449.25,67.68,1381.57,2025-03
50667,2025-03-25 06:00:00,East,Fashion,Card,4,737.55,83.19,2867.0099999999998,2025-03
50668,2025-03-25 09:00:00,South,Sports,UPI,2,2706.21,176.16,5236.26,2025-03
50669,2025-03-25 12:00:00,East,Fashion,UPI,1,2190.99,453.78,1737.2099999999998,2025-03
50670,2025-03-25 15:00:00,West,Home,UPI,3,828.42,106.23,2379.0299999999997,2025-03
50671,2025-03-25 18:00:00,South,Fashion,UPI,1,883.42,170.56,712.8599999999999,2025-03
50672,2025-03-25 21:00:00,South,Fashion,COD,5,1756.73,276.88,8506.77,2025-03
50673,2025-03-26 00:00:00,North,Sports,COD,3,349.93,533.62,516.17,2025-03
50674,2025-03-26 03:00:00,North,Home,Card,5,1671.28,22.77,8333.63,2025-03
50675,2025-03-26 06:00:00,East,Beauty,UPI,5,2407.75,218.2,11820.55,2025-03
50676,2025-03-26 09:00:00,South,Fashion,UPI,2,1887.55,384.77,3390.33,2025-03
50677,2025-03-26 12:00:00,North,Beauty,COD,5,2387.96,132.47,11807.33,2025-03
50678,2025-03-26 15:00:00,South,Fashion,UPI,3,1015.67,218.92,2828.0899999999997,2025-03
50679,2025-03-26 18:00:00,West,Beauty,Card,4,1283.6,332.86,4801.54,2025-03
50680,2025-03-26 21:00:00,East,Fashion,COD,1,913.84,2.83,911.01,2025-03
50681,2025-03-27 00:00:00,West,Electronics,UPI,1,633.7,424.62,209.08000000000004,2025-03
50682,2025-03-27 03:00:00,South,Home,Net Banking,3,469.41,66.9,1341.33,2025-03
50683,2025-03-27 06:00:00,West,Beauty,UPI,1,469.28,190.73,278.54999999999995,2025-03
50684,2025-03-27 09:00:00,East,Sports,UPI,3,1126.49,332.53,3046.9400000000005,2025-03
50685,2025-03-27 12:00:00,West,Electronics,UPI,5,1002.83,193.31,4820.84,2025-03
50686,2025-03-27 15:00:00,South,Fashion,Card,4,1906.95,360.9,7266.900000000001,2025-03
50687,2025-03-27 18:00:00,North,Beauty,UPI,1,1903.88,474.83,1429.0500000000002,2025-03
50688,2025-03-27 21:00:00,North,Fashion,Card,2,1259.54,114.68,2404.4,2025-03
50689,2025-03-28 00:00:00,South,Electronics,Net Banking,5,744.71,389.12,3334.4300000000003,2025-03
50690,2025-03-28 03:00:00,South,Home,UPI,2,925.91,459.65,1392.17,2025-03
50691,2025-03-28 06:00:00,North,Beauty,UPI,2,2197.42,582.33,3812.51,2025-03
50692,2025-03-28 09:00:00,West,Sports,UPI,3,2192.11,459.87,6116.46,2025-03
50693,2025-03-28 12:00:00,South,Electronics,Card,3,1299.44,496.03,3402.29,2025-03
50694,2025-03-28 15:00:00,West,Home,Card,5,1964.4,214.89,9607.11,2025-03
50695,2025-03-28 18:00:00,East,Home,UPI,5,2439.84,134.05,12065.150000000001,2025-03
50696,2025-03-28 21:00:00,East,Home,UPI,5,2574.11,447.14,12423.410000000002,2025-03
50697,2025-03-29 00:00:00,North,Sports,Card,4,2823.83,256.55,11038.77,2025-03
50698,2025-03-29 03:00:00,West,Home,UPI,4,3318.73,279.34,12995.58,2025-03
50699,2025-03-29 06:00:00,South,Sports,UPI,5,728.7,243.97,3399.53,2025-03
50700,2025-03-29 09:00:00,South,Beauty,Card,1,896.37,81.42,814.95,2025-03
50701,2025-03-29 12:00:00,South,Sports,COD,5,1858.43,285.85,9006.3,2025-03
50702,2025-03-29 15:00:00,South,Home,Card,4,834.02,407.8,2928.2799999999997,2025-03
50703,2025-03-29 18:00:00,South,Home,Card,1,1408.23,448.06,960.1700000000001,2025-03
50704,2025-03-29 21:00:00,South,Beauty,Card,2,2424.99,157.94,4692.04,2025-03
50705,2025-03-30 00:00:00,West,Beauty,COD,4,1191.96,419.09,4348.75,2025-03
50706,2025-03-30 03:00:00,South,Beauty,UPI,5,388.48,479.33,1463.0700000000002,2025-03
50707,2025-03-30 06:00:00,South,Home,UPI,4,849.64,168.72,3229.84,2025-03
50708,2025-03-30 09:00:00,West,Electronics,UPI,3,1906.44,133.42,5585.9,2025-03
50709,2025-03-30 12:00:00,West,Sports,Card,1,1082.24,479.53,602.71,2025-03
50710,2025-03-30 15:00:00,North,Electronics,Card,4,1382.94,135.52,5396.24,2025-03
50711,2025-03-30 18:00:00,North,Fashion,Card,3,1730.29,202.07,4988.8,2025-03
50712,2025-03-30 21:00:00,North,Home,UPI,4,1071.83,181.05,4106.2699999999995,2025-03
50713,2025-03-31 00:00:00,West,Home,Card,1,895.12,477.52,417.6,2025-03
50714,2025-03-31 03:00:00,North,Sports,Net Banking,3,867.3,218.65,2383.2499999999995,2025-03
50715,2025-03-31 06:00:00,South,Home,Card,3,755.35,237.66,2028.39,2025-03
50716,2025-03-31 09:00:00,South,Fashion,Card,1,1042.84,194.15,848.6899999999999,2025-03
50717,2025-03-31 12:00:00,South,Electronics,Net Banking,4,1133.77,447.73,4087.35,2025-03
50718,2025-03-31 15:00:00,South,Beauty,COD,1,888.02,162.61,725.41,2025-03
50719,2025-03-31 18:00:00,East,Fashion,UPI,5,1324.92,159.37,6465.2300000000005,2025-03
50720,2025-03-31 21:00:00,East,Beauty,Card,3,1059.5,35.48,3143.02,2025-03
50721,2025-04-01 00:00:00,East,Electronics,Card,4,1268.18,49.09,5023.63,2025-04
50722,2025-04-01 03:00:00,East,Home,COD,1,1638.34,326.89,1311.4499999999998,2025-04
50723,2025-04-01 06:00:00,South,Beauty,COD,1,814.05,376.56,437.48999999999995,2025-04
50724,2025-04-01 09:00:00,South,Fashion,UPI,2,846.73,130.14,1563.3200000000002,2025-04
50725,2025-04-01 12:00:00,West,Sports,COD,1,2639.48,152.96,2486.52,2025-04
50726,2025-04-01 15:00:00,North,Home,COD,5,2184.67,476.76,10446.59,2025-04
50727,2025-04-01 18:00:00,South,Fashion,Net Banking,5,1924.51,133.55,9489.0,2025-04
50728,2025-04-01 21:00:00,West,Fashion,COD,5,1916.47,435.67,9146.68,2025-04
50729,2025-04-02 00:00:00,North,Beauty,UPI,5,1065.6,481.86,4846.14,2025-04
50730,2025-04-02 03:00:00,North,Electronics,Card,4,1323.16,5.78,5286.860000000001,2025-04
50731,2025-04-02 06:00:00,East,Beauty,Card,3,825.37,130.31,2345.8,2025-04
50732,2025-04-02 09:00:00,South,Beauty,COD,5,433.09,351.74,1813.7099999999998,2025-04
50733,2025-04-02 12:00:00,South,Sports,UPI,4,1278.49,424.45,4689.51,2025-04
50734,2025-04-02 15:00:00,South,Sports,UPI,5,2988.22,67.89,14873.21,2025-04
50735,2025-04-02 18:00:00,South,Electronics,COD,5,872.42,320.17,4041.9299999999994,2025-04
50736,2025-04-02 21:00:00,South,Beauty,Card,1,1506.4,38.04,1468.3600000000001,2025-04
50737,2025-04-03 00:00:00,East,Fashion,UPI,2,507.39,190.76,824.02,2025-04
50738,2025-04-03 03:00:00,South,Fashion,Net Banking,2,739.87,385.99,1093.75,2025-04
50739,2025-04-03 06:00:00,West,Home,Net Banking,1,1203.1,37.65,1165.4499999999998,2025-04
50740,2025-04-03 09:00:00,South,Fashion,Card,3,752.08,134.8,2121.44,2025-04
50741,2025-04-03 12:00:00,West,Beauty,Card,3,2526.62,253.47,7326.389999999999,2025-04
50742,2025-04-03 15:00:00,West,Fashion,UPI,2,1049.81,345.28,1754.34,2025-04
50743,2025-04-03 18:00:00,North,Fashion,Net Banking,3,1505.85,567.62,3949.9299999999994,2025-04
50744,2025-04-03 21:00:00,West,Fashion,UPI,2,885.61,470.21,1301.01,2025-04
50745,2025-04-04 00:00:00,South,Beauty,UPI,5,2204.1,529.62,10490.88,2025-04
50746,2025-04-04 03:00:00,North,Beauty,UPI,1,1482.4,35.27,1447.13,2025-04
50747,2025-04-04 06:00:00,North,Sports,COD,3,708.32,75.65,2049.31,2025-04
50748,2025-04-04 09:00:00,South,Electronics,Card,3,5236.64,195.6,15514.320000000002,2025-04
50749,2025-04-04 12:00:00,South,Fashion,Net Banking,4,1161.29,370.68,4274.48,2025-04
50750,2025-04-04 15:00:00,West,Electronics,UPI,4,1520.58,224.7,5857.62,2025-04
50751,2025-04-04 18:00:00,North,Sports,COD,3,1943.13,228.15,5601.240000000001,2025-04
50752,2025-04-04 21:00:00,South,Fashion,UPI,4,2327.74,483.43,8827.529999999999,2025-04
50753,2025-04-05 00:00:00,West,Home,Card,3,1985.48,407.09,5549.35,2025-04
50754,2025-04-05 03:00:00,West,Electronics,UPI,5,927.12,161.45,4474.150000000001,2025-04
50755,2025-04-05 06:00:00,East,Beauty,UPI,2,1188.02,0.41,2375.63,2025-04
50756,2025-04-05 09:00:00,North,Sports,COD,3,824.94,595.2,1879.6200000000001,2025-04
50757,2025-04-05 12:00:00,West,Fashion,UPI,1,1085.37,232.17,853.1999999999999,2025-04
50758,2025-04-05 15:00:00,South,Home,UPI,3,2199.28,130.28,6467.56,2025-04
50759,2025-04-05 18:00:00,North,Sports,UPI,4,1510.44,508.24,5533.52,2025-04
50760,2025-04-05 21:00:00,West,Fashion,UPI,2,3306.27,38.4,6574.14,2025-04
50761,2025-04-06 00:00:00,South,Sports,Net Banking,1,1089.18,109.51,979.6700000000001,2025-04
50762,2025-04-06 03:00:00,West,Beauty,COD,5,1266.03,12.49,6317.66,2025-04
50763,2025-04-06 06:00:00,South,Electronics,UPI,4,2726.69,152.35,10754.41,2025-04
50764,2025-04-06 09:00:00,West,Sports,COD,2,604.86,83.46,1126.26,2025-04
50765,2025-04-06 12:00:00,East,Electronics,UPI,4,655.1,117.17,2503.23,2025-04
50766,2025-04-06 15:00:00,West,Beauty,Card,4,2054.65,182.15,8036.450000000001,2025-04
50767,2025-04-06 18:00:00,South,Beauty,UPI,3,2342.49,65.71,6961.759999999999,2025-04
50768,2025-04-06 21:00:00,West,Electronics,Net Banking,4,1488.53,371.44,5582.68,2025-04
50769,2025-04-07 00:00:00,South,Home,COD,3,1303.74,340.34,3570.88,2025-04
50770,2025-04-07 03:00:00,East,Sports,UPI,5,1449.54,355.65,6892.05,2025-04
50771,2025-04-07 06:00:00,South,Beauty,Net Banking,4,1341.5,217.26,5148.74,2025-04
50772,2025-04-07 09:00:00,East,Electronics,Card,5,2959.37,227.95,14568.899999999998,2025-04
50773,2025-04-07 12:00:00,North,Electronics,COD,3,881.24,321.81,2321.9100000000003,2025-04
50774,2025-04-07 15:00:00,South,Electronics,Net Banking,1,731.28,25.24,706.04,2025-04
50775,2025-04-07 18:00:00,South,Sports,UPI,1,2499.39,481.84,2017.55,2025-04
50776,2025-04-07 21:00:00,East,Electronics,Net Banking,1,505.98,482.2,50.0,2025-04
50777,2025-04-08 00:00:00,North,Sports,UPI,4,832.81,310.88,3020.3599999999997,2025-04
50778,2025-04-08 03:00:00,South,Electronics,Card,1,1433.21,588.03,845.1800000000001,2025-04
50779,2025-04-08 06:00:00,North,Beauty,Card,2,2789.35,522.33,5056.37,2025-04
50780,2025-04-08 09:00:00,South,Sports,Card,2,743.36,323.58,1163.14,2025-04
50781,2025-04-08 12:00:00,North,Fashion,COD,3,1762.89,143.32,5145.35,2025-04
50782,2025-04-08 15:00:00,West,Fashion,UPI,5,2043.08,21.09,10194.31,2025-04
50783,2025-04-08 18:00:00,West,Electronics,UPI,1,1985.02,431.29,1553.73,2025-04
50784,2025-04-08 21:00:00,West,Home,UPI,2,1109.48,303.09,1915.8700000000001,2025-04
50785,2025-04-09 00:00:00,West,Electronics,COD,4,1109.77,346.53,4092.55,2025-04
50786,2025-04-09 03:00:00,North,Sports,Net Banking,3,1474.81,405.25,4019.1800000000003,2025-04
50787,2025-04-09 06:00:00,West,Sports,COD,5,1361.06,105.12,6700.179999999999,2025-04
50788,2025-04-09 09:00:00,East,Electronics,UPI,5,325.12,263.2,1362.3999999999999,2025-04
50789,2025-04-09 12:00:00,East,Sports,UPI,4,978.01,169.0,3743.04,2025-04
50790,2025-04-09 15:00:00,South,Beauty,UPI,3,1857.15,52.42,5519.030000000001,2025-04
50791,2025-04-09 18:00:00,East,Electronics,Net Banking,3,1526.56,204.1,4375.58,2025-04
50792,2025-04-09 21:00:00,South,Fashion,UPI,3,1503.95,574.38,3937.4700000000003,2025-04
50793,2025-04-10 00:00:00,South,Electronics,Card,3,1163.45,445.27,3045.0800000000004,2025-04
50794,2025-04-10 03:00:00,West,Beauty,Net Banking,2,2502.33,451.82,4552.84,2025-04
50795,2025-04-10 06:00:00,East,Beauty,UPI,4,316.9,396.81,870.79,2025-04
50796,2025-04-10 09:00:00,South,Electronics,COD,4,3477.19,389.28,13519.48,2025-04
50797,2025-04-10 12:00:00,West,Beauty,Net Banking,4,489.76,334.65,1624.3899999999999,2025-04
50798,2025-04-10 15:00:00,East,Electronics,UPI,1,1557.17,531.89,1025.2800000000002,2025-04
50799,2025-04-10 18:00:00,East,Fashion,Card,4,968.71,567.77,3307.07,2025-04
50800,2025-04-10 21:00:00,West,Fashion,Card,4,451.47,535.51,1270.3700000000001,2025-04
50801,2025-04-11 00:00:00,East,Electronics,UPI,1,2059.74,187.19,1872.5499999999997,2025-04
50802,2025-04-11 03:00:00,South,Sports,Card,5,1232.23,270.76,5890.389999999999,2025-04
50803,2025-04-11 06:00:00,South,Home,COD,4,1834.4,307.79,7029.81,2025-04
50804,2025-04-11 09:00:00,North,Beauty,Net Banking,3,1450.74,144.54,4207.68,2025-04
50805,2025-04-11 12:00:00,South,Beauty,Card,3,3099.86,407.84,8891.74,2025-04
50806,2025-04-11 15:00:00,East,Electronics,Card,2,919.0,318.47,1519.53,2025-04
50807,2025-04-11 18:00:00,South,Home,COD,2,1289.33,454.41,2124.25,2025-04
50808,2025-04-11 21:00:00,East,Beauty,Net Banking,2,1072.83,587.49,1558.1699999999998,2025-04
50809,2025-04-12 00:00:00,East,Sports,UPI,4,3372.8,147.59,13343.61,2025-04
50810,2025-04-12 03:00:00,East,Sports,Card,3,373.48,502.26,618.1800000000001,2025-04
50811,2025-04-12 06:00:00,South,Beauty,Card,5,1750.13,290.43,8460.220000000001,2025-04
50812,2025-04-12 09:00:00,West,Fashion,UPI,5,604.31,425.41,2596.14,2025-04
50813,2025-04-12 12:00:00,West,Sports,Net Banking,5,544.52,60.01,2662.5899999999997,2025-04
50814,2025-04-12 15:00:00,West,Beauty,COD,5,1737.61,490.21,8197.84,2025-04
50815,2025-04-12 18:00:00,North,Electronics,COD,3,851.02,219.17,2333.89,2025-04
50816,2025-04-12 21:00:00,North,Sports,UPI,4,3002.84,457.35,11554.01,2025-04
50817,2025-04-13 00:00:00,North,Home,Net Banking,4,3337.48,539.15,12810.77,2025-04
50818,2025-04-13 03:00:00,East,Home,Net Banking,4,1030.68,372.21,3750.51,2025-04
50819,2025-04-13 06:00:00,South,Home,COD,2,1407.58,254.39,2560.77,2025-04
50820,2025-04-13 09:00:00,South,Home,COD,2,1300.71,426.52,2174.9,2025-04
50821,2025-04-13 12:00:00,East,Fashion,UPI,1,1559.17,327.85,1231.3200000000002,2025-04
50822,2025-04-13 15:00:00,South,Beauty,Card,2,1816.46,403.33,3229.59,2025-04
50823,2025-04-13 18:00:00,South,Electronics,UPI,1,1071.86,116.18,955.6799999999998,2025-04
50824,2025-04-13 21:00:00,South,Electronics,UPI,4,1073.68,83.76,4210.96,2025-04
50825,2025-04-14 00:00:00,South,Electronics,Card,3,1073.29,31.88,3187.99,2025-04
50826,2025-04-14 03:00:00,South,Sports,Card,4,1494.03,425.75,5550.37,2025-04
50827,2025-04-14 06:00:00,North,Fashion,UPI,1,1431.63,582.03,849.6000000000001,2025-04
50828,2025-04-14 09:00:00,North,Sports,UPI,4,2225.75,469.08,8433.92,2025-04
50829,2025-04-14 12:00:00,West,Beauty,UPI,5,775.96,528.11,3351.69,2025-04
50830,2025-04-14 15:00:00,South,Fashion,COD,3,2622.98,265.63,7603.31,2025-04
50831,2025-04-14 18:00:00,East,Home,Card,2,902.95,89.26,1716.64,2025-04
50832,2025-04-14 21:00:00,South,Sports,Net Banking,1,1285.54,501.97,783.5699999999999,2025-04
50833,2025-04-15 00:00:00,West,Fashion,Net Banking,2,1912.66,485.25,3340.07,2025-04
50834,2025-04-15 03:00:00,East,Sports,Card,3,2028.71,86.13,6000.0,2025-04
50835,2025-04-15 06:00:00,South,Home,UPI,4,850.9,568.11,2835.49,2025-04
50836,2025-04-15 09:00:00,South,Electronics,COD,1,884.46,348.44,536.02,2025-04
50837,2025-04-15 12:00:00,South,Electronics,Card,3,1565.68,27.15,4669.89,2025-04
50838,2025-04-15 15:00:00,South,Electronics,UPI,3,1264.73,465.78,3328.41,2025-04
50839,2025-04-15 18:00:00,North,Fashion,Card,1,1198.7,375.43,823.27,2025-04
50840,2025-04-15 21:00:00,West,Electronics,UPI,4,458.75,413.81,1421.19,2025-04
50841,2025-04-16 00:00:00,South,Electronics,UPI,2,4024.49,439.79,7609.19,2025-04
50842,2025-04-16 03:00:00,South,Electronics,Card,2,3542.69,302.98,6782.4,2025-04
50843,2025-04-16 06:00:00,North,Fashion,UPI,1,1128.48,224.15,904.33,2025-04
50844,2025-04-16 09:00:00,South,Sports,COD,1,3073.81,6.11,3067.7,2025-04
50845,2025-04-16 12:00:00,East,Beauty,UPI,3,1397.2,476.9,3714.7000000000003,2025-04
50846,2025-04-16 15:00:00,North,Beauty,Card,5,4328.23,265.57,21375.579999999998,2025-04
50847,2025-04-16 18:00:00,South,Beauty,Card,4,1075.75,510.72,3792.2799999999997,2025-04
50848,2025-04-16 21:00:00,South,Sports,UPI,3,1949.25,183.6,5664.15,2025-04
50849,2025-04-17 00:00:00,North,Beauty,COD,2,1494.05,208.25,2779.85,2025-04
50850,2025-04-17 03:00:00,West,Electronics,UPI,4,865.47,48.47,3413.4100000000003,2025-04
50851,2025-04-17 06:00:00,West,Electronics,UPI,5,874.85,84.7,4289.55,2025-04
50852,2025-04-17 09:00:00,South,Beauty,COD,1,1283.45,335.32,948.1300000000001,2025-04
50853,2025-04-17 12:00:00,South,Fashion,UPI,4,746.06,404.58,2579.66,2025-04
50854,2025-04-17 15:00:00,East,Sports,Net Banking,2,532.48,111.12,953.84,2025-04
50855,2025-04-17 18:00:00,South,Sports,COD,3,1873.1,297.09,5322.209999999999,2025-04
50856,2025-04-17 21:00:00,South,Home,Card,4,846.08,54.5,3329.82,2025-04
50857,2025-04-18 00:00:00,South,Home,UPI,2,915.18,96.38,1733.98,2025-04
50858,2025-04-18 03:00:00,West,Electronics,UPI,3,1072.67,293.27,2924.7400000000002,2025-04
50859,2025-04-18 06:00:00,South,Electronics,COD,5,923.49,431.64,4185.8099999999995,2025-04
50860,2025-04-18 09:00:00,West,Home,COD,3,1266.34,55.66,3743.3599999999997,2025-04
50861,2025-04-18 12:00:00,South,Beauty,Card,5,566.07,185.02,2645.3300000000004,2025-04
50862,2025-04-18 15:00:00,West,Electronics,UPI,3,2016.99,251.61,5799.360000000001,2025-04
50863,2025-04-18 18:00:00,West,Fashion,UPI,2,2604.56,324.93,4884.19,2025-04
50864,2025-04-18 21:00:00,West,Fashion,COD,2,1683.19,313.7,3052.6800000000003,2025-04
50865,2025-04-19 00:00:00,West,Beauty,COD,2,927.94,282.59,1573.2900000000002,2025-04
50866,2025-04-19 03:00:00,West,Sports,Net Banking,4,2818.78,521.75,10753.37,2025-04
50867,2025-04-19 06:00:00,North,Beauty,Net Banking,4,725.82,144.95,2758.3300000000004,2025-04
50868,2025-04-19 09:00:00,South,Fashion,Card,4,1900.67,88.1,7514.58,2025-04
50869,2025-04-19 12:00:00,West,Fashion,Card,1,986.65,473.92,512.73,2025-04
50870,2025-04-19 15:00:00,South,Beauty,Net Banking,3,680.9,427.02,1615.6799999999998,2025-04
50871,2025-04-19 18:00:00,South,Fashion,UPI,1,1038.23,43.31,994.9200000000001,2025-04
50872,2025-04-19 21:00:00,East,Fashion,Card,5,1770.1,225.94,8624.56,2025-04
50873,2025-04-20 00:00:00,South,Electronics,Card,5,1365.13,181.3,6644.35,2025-04
50874,2025-04-20 03:00:00,West,Electronics,UPI,1,916.34,457.27,459.07000000000005,2025-04
50875,2025-04-20 06:00:00,West,Sports,COD,1,754.22,300.21,454.01000000000005,2025-04
50876,2025-04-20 09:00:00,West,Fashion,UPI,1,2313.56,462.11,1851.4499999999998,2025-04
50877,2025-04-20 12:00:00,North,Electronics,UPI,3,910.41,167.14,2564.09,2025-04
50878,2025-04-20 15:00:00,South,Sports,COD,2,2614.66,369.44,4859.88,2025-04
50879,2025-04-20 18:00:00,South,Home,Net Banking,2,1520.03,322.6,2717.46,2025-04
50880,2025-04-20 21:00:00,West,Home,UPI,4,602.29,558.69,1850.4699999999998,2025-04
50881,2025-04-21 00:00:00,South,Electronics,UPI,1,2383.53,20.09,2363.44,2025-04
50882,2025-04-21 03:00:00,East,Sports,Card,1,2087.56,429.32,1658.24,2025-04
50883,2025-04-21 06:00:00,South,Electronics,UPI,2,805.26,508.73,1101.79,2025-04
50884,2025-04-21 09:00:00,West,Beauty,UPI,1,2919.88,548.5,2371.38,2025-04
50885,2025-04-21 12:00:00,West,Electronics,COD,1,820.26,212.04,608.22,2025-04
50886,2025-04-21 15:00:00,North,Electronics,Card,5,1024.27,94.92,5026.43,2025-04
50887,2025-04-21 18:00:00,South,Beauty,Card,2,3474.15,366.2,6582.1,2025-04
50888,2025-04-21 21:00:00,North,Fashion,UPI,5,650.05,114.04,3136.21,2025-04
50889,2025-04-22 00:00:00,South,Sports,Card,3,510.34,506.72,1024.3,2025-04
50890,2025-04-22 03:00:00,North,Beauty,UPI,3,1392.61,92.69,4085.14,2025-04
50891,2025-04-22 06:00:00,South,Home,Net Banking,3,521.74,504.19,1061.03,2025-04
50892,2025-04-22 09:00:00,North,Fashion,UPI,4,1128.65,558.4,3956.2000000000003,2025-04
50893,2025-04-22 12:00:00,South,Electronics,Card,4,1700.89,475.36,6328.200000000001,2025-04
50894,2025-04-22 15:00:00,East,Electronics,UPI,1,2109.32,577.26,1532.0600000000002,2025-04
50895,2025-04-22 18:00:00,South,Home,UPI,3,1049.62,535.42,2613.4399999999996,2025-04
50896,2025-04-22 21:00:00,North,Home,Net Banking,4,2181.99,321.76,8406.199999999999,2025-04
50897,2025-04-23 00:00:00,North,Electronics,Card,3,864.11,322.15,2270.18,2025-04
50898,2025-04-23 03:00:00,South,Fashion,UPI,1,3621.72,407.64,3214.08,2025-04
50899,2025-04-23 06:00:00,North,Sports,UPI,5,851.83,400.7,3858.4500000000007,2025-04
50900,2025-04-23 09:00:00,South,Beauty,COD,4,2681.08,474.23,10250.09,2025-04
50901,2025-04-23 12:00:00,North,Electronics,Net Banking,3,1635.47,263.68,4642.73,2025-04
50902,2025-04-23 15:00:00,South,Electronics,UPI,4,1830.14,384.47,6936.09,2025-04
50903,2025-04-23 18:00:00,South,Beauty,COD,3,1904.44,383.92,5329.4,2025-04
50904,2025-04-23 21:00:00,West,Sports,UPI,1,1415.61,71.32,1344.29,2025-04
50905,2025-04-24 00:00:00,West,Sports,UPI,4,663.76,9.7,2645.34,2025-04
50906,2025-04-24 03:00:00,South,Sports,Card,3,1148.65,430.43,3015.5200000000004,2025-04
50907,2025-04-24 06:00:00,South,Home,Card,4,1106.38,86.73,4338.790000000001,2025-04
50908,2025-04-24 09:00:00,West,Home,UPI,5,845.31,77.71,4148.839999999999,2025-04
50909,2025-04-24 12:00:00,North,Fashion,Card,2,1367.25,425.95,2308.55,2025-04
50910,2025-04-24 15:00:00,North,Electronics,UPI,2,935.63,287.98,1583.28,2025-04
50911,2025-04-24 18:00:00,North,Fashion,COD,3,1191.14,399.55,3173.87,2025-04
50912,2025-04-24 21:00:00,East,Fashion,Net Banking,3,1554.68,225.45,4438.59,2025-04
50913,2025-04-25 00:00:00,East,Home,UPI,1,891.22,549.34,341.88,2025-04
50914,2025-04-25 03:00:00,South,Home,Card,3,788.68,151.96,2214.08,2025-04
50915,2025-04-25 06:00:00,South,Home,UPI,2,753.61,49.81,1457.41,2025-04
50916,2025-04-25 09:00:00,East,Beauty,UPI,1,2311.89,204.9,2106.99,2025-04
50917,2025-04-25 12:00:00,South,Home,UPI,1,2339.24,54.97,2284.27,2025-04
50918,2025-04-25 15:00:00,West,Home,Net Banking,3,838.81,492.17,2024.2599999999998,2025-04
50919,2025-04-25 18:00:00,South,Sports,Card,5,2784.5,61.53,13860.97,2025-04
50920,2025-04-25 21:00:00,East,Home,Card,2,1360.5,519.97,2201.0299999999997,2025-04
50921,2025-04-26 00:00:00,South,Home,Card,5,1640.9,29.79,8174.71,2025-04
50922,2025-04-26 03:00:00,West,Electronics,UPI,2,513.69,20.84,1006.5400000000001,2025-04
50923,2025-04-26 06:00:00,North,Fashion,Card,4,3447.81,10.6,13780.64,2025-04
50924,2025-04-26 09:00:00,South,Sports,UPI,1,1889.22,406.37,1482.85,2025-04
50925,2025-04-26 12:00:00,South,Home,COD,3,1129.13,227.38,3160.01,2025-04
50926,2025-04-26 15:00:00,North,Sports,UPI,5,1726.12,394.79,8235.809999999998,2025-04
50927,2025-04-26 18:00:00,West,Sports,UPI,3,1314.64,159.13,3784.79,2025-04
50928,2025-04-26 21:00:00,South,Fashion,Card,5,1810.71,126.96,8926.59,2025-04
50929,2025-04-27 00:00:00,South,Fashion,Net Banking,3,1808.49,88.6,5336.87,2025-04
50930,2025-04-27 03:00:00,East,Fashion,Card,3,2109.08,264.25,6062.99,2025-04
50931,2025-04-27 06:00:00,East,Beauty,Card,3,1981.14,143.64,5799.78,2025-04
50932,2025-04-27 09:00:00,West,Fashion,UPI,1,739.52,349.39,390.13,2025-04
50933,2025-04-27 12:00:00,South,Electronics,UPI,3,1702.73,99.15,5009.040000000001,2025-04
50934,2025-04-27 15:00:00,West,Fashion,UPI,3,1612.66,336.82,4501.160000000001,2025-04
50935,2025-04-27 18:00:00,South,Home,UPI,3,1058.6,316.65,2859.1499999999996,2025-04
50936,2025-04-27 21:00:00,South,Home,Net Banking,1,701.19,438.7,262.49000000000007,2025-04
50937,2025-04-28 00:00:00,South,Home,Card,2,754.2,52.96,1455.44,2025-04
50938,2025-04-28 03:00:00,North,Sports,UPI,2,1495.73,114.27,2877.19,2025-04
50939,2025-04-28 06:00:00,South,Home,Net Banking,4,2702.15,105.3,10703.300000000001,2025-04
50940,2025-04-28 09:00:00,West,Electronics,Card,4,1170.08,430.41,4249.91,2025-04
50941,2025-04-28 12:00:00,West,Sports,UPI,3,605.86,229.07,1588.51,2025-04
50942,2025-04-28 15:00:00,South,Home,COD,3,1272.82,37.77,3780.69,2025-04
50943,2025-04-28 18:00:00,North,Electronics,COD,4,1674.25,40.93,6656.07,2025-04
50944,2025-04-28 21:00:00,West,Fashion,Card,4,2031.04,225.71,7898.45,2025-04
50945,2025-04-29 00:00:00,North,Beauty,Net Banking,1,3807.9,259.57,3548.33,2025-04
50946,2025-04-29 03:00:00,East,Sports,Card,4,425.85,416.11,1287.29,2025-04
50947,2025-04-29 06:00:00,South,Beauty,Card,2,2828.35,362.74,5293.96,2025-04
50948,2025-04-29 09:00:00,North,Electronics,COD,1,537.03,29.16,507.86999999999995,2025-04
50949,2025-04-29 12:00:00,North,Beauty,COD,5,894.83,415.07,4059.0800000000004,2025-04
50950,2025-04-29 15:00:00,East,Fashion,UPI,5,840.01,181.16,4018.8900000000003,2025-04
50951,2025-04-29 18:00:00,South,Home,COD,4,1376.24,446.63,5058.33,2025-04
50952,2025-04-29 21:00:00,North,Fashion,Card,3,4424.71,450.73,12823.400000000001,2025-04
50953,2025-04-30 00:00:00,West,Fashion,UPI,1,619.1,43.13,575.97,2025-04
50954,2025-04-30 03:00:00,West,Beauty,Card,1,764.27,379.41,384.85999999999996,2025-04
50955,2025-04-30 06:00:00,West,Sports,UPI,1,1258.96,434.16,824.8,2025-04
50956,2025-04-30 09:00:00,South,Beauty,Card,2,1273.72,507.58,2039.8600000000001,2025-04
50957,2025-04-30 12:00:00,South,Sports,Card,3,908.33,87.07,2637.92,2025-04
50958,2025-04-30 15:00:00,South,Home,Net Banking,3,584.2,322.21,1430.39,2025-04
50959,2025-04-30 18:00:00,West,Fashion,Card,3,1037.11,550.99,2560.34,2025-04
50960,2025-04-30 21:00:00,North,Sports,UPI,5,1683.84,215.42,8203.779999999999,2025-04
50961,2025-05-01 00:00:00,South,Beauty,UPI,4,1098.31,13.2,4380.04,2025-05
50962,2025-05-01 03:00:00,South,Sports,Card,3,1574.57,543.25,4180.46,2025-05
50963,2025-05-01 06:00:00,South,Beauty,COD,1,1392.21,443.59,948.6200000000001,2025-05
50964,2025-05-01 09:00:00,South,Sports,UPI,1,1953.1,169.6,1783.5,2025-05
50965,2025-05-01 12:00:00,West,Home,Card,4,829.08,410.84,2905.48,2025-05
50966,2025-05-01 15:00:00,West,Sports,UPI,4,1255.16,314.79,4705.85,2025-05
50967,2025-05-01 18:00:00,West,Sports,COD,5,2052.28,465.32,9796.080000000002,2025-05
50968,2025-05-01 21:00:00,North,Beauty,Card,5,273.98,411.17,958.73,2025-05
50969,2025-05-02 00:00:00,South,Home,COD,5,988.41,145.19,4796.860000000001,2025-05
50970,2025-05-02 03:00:00,West,Sports,UPI,1,703.37,569.05,134.32000000000005,2025-05
50971,2025-05-02 06:00:00,South,Sports,Net Banking,5,1014.57,439.15,4633.700000000001,2025-05
50972,2025-05-02 09:00:00,North,Fashion,COD,3,831.36,472.94,2021.1399999999999,2025-05
50973,2025-05-02 12:00:00,South,Sports,Net Banking,5,1025.87,85.31,5044.039999999999,2025-05
50974,2025-05-02 15:00:00,West,Electronics,COD,3,1060.35,517.89,2663.16,2025-05
50975,2025-05-02 18:00:00,South,Sports,UPI,1,666.32,453.21,213.11000000000007,2025-05
50976,2025-05-02 21:00:00,East,Home,UPI,3,450.34,243.88,1107.1399999999999,2025-05
50977,2025-05-03 00:00:00,South,Home,Card,4,1557.43,141.64,6088.08,2025-05
50978,2025-05-03 03:00:00,North,Home,COD,4,2039.01,485.39,7670.65,2025-05
50979,2025-05-03 06:00:00,West,Beauty,Card,2,874.91,33.4,1716.4199999999998,2025-05
50980,2025-05-03 09:00:00,West,Fashion,Card,3,987.06,539.58,2421.6,2025-05
50981,2025-05-03 12:00:00,South,Beauty,Card,4,398.02,512.95,1079.1299999999999,2025-05
50982,2025-05-03 15:00:00,North,Sports,UPI,1,595.44,184.66,410.7800000000001,2025-05
50983,2025-05-03 18:00:00,North,Fashion,UPI,2,3291.27,531.42,6051.12,2025-05
50984,2025-05-03 21:00:00,South,Fashion,UPI,5,2960.75,409.29,14394.46,2025-05
50985,2025-05-04 00:00:00,South,Fashion,COD,4,2578.58,524.15,9790.17,2025-05
50986,2025-05-04 03:00:00,South,Beauty,Card,1,773.27,121.61,651.66,2025-05
50987,2025-05-04 06:00:00,East,Home,UPI,1,959.06,94.29,864.77,2025-05
50988,2025-05-04 09:00:00,North,Fashion,COD,2,890.68,296.76,1484.6,2025-05
50989,2025-05-04 12:00:00,South,Sports,UPI,1,2333.98,111.49,2222.4900000000002,2025-05
50990,2025-05-04 15:00:00,East,Electronics,UPI,2,850.91,455.42,1246.3999999999999,2025-05
50991,2025-05-04 18:00:00,East,Beauty,COD,3,1795.39,70.41,5315.76,2025-05
50992,2025-05-04 21:00:00,South,Fashion,COD,1,2948.06,169.33,2778.73,2025-05
50993,2025-05-05 00:00:00,West,Sports,UPI,1,1328.11,142.14,1185.9699999999998,2025-05
50994,2025-05-05 03:00:00,South,Home,UPI,5,1318.83,228.63,6365.5199999999995,2025-05
50995,2025-05-05 06:00:00,West,Home,Card,1,1515.71,136.88,1378.83,2025-05
50996,2025-05-05 09:00:00,North,Fashion,UPI,2,1631.17,520.04,2742.3,2025-05
50997,2025-05-05 12:00:00,East,Fashion,Card,5,1010.49,71.95,4980.5,2025-05
50998,2025-05-05 15:00:00,East,Home,Card,4,848.85,454.5,2940.9,2025-05
50999,2025-05-05 18:00:00,East,Beauty,COD,5,2568.07,476.3,12364.050000000001,2025-05
51000,2025-05-05 21:00:00,North,Electronics,Card,3,750.59,77.86,2173.91,2025-05
51001,2025-05-06 00:00:00,West,Beauty,Card,5,1184.63,424.68,5498.47,2025-05
51002,2025-05-06 03:00:00,East,Fashion,UPI,3,1606.11,537.79,4280.54,2025-05
51003,2025-05-06 06:00:00,East,Beauty,Net Banking,4,1153.98,406.96,4208.96,2025-05
51004,2025-05-06 09:00:00,North,Home,Card,4,757.63,391.76,2638.76,2025-05
51005,2025-05-06 12:00:00,South,Sports,UPI,2,2395.72,455.36,4336.08,2025-05
51006,2025-05-06 15:00:00,North,Sports,UPI,1,768.64,76.33,692.31,2025-05
51007,2025-05-06 18:00:00,West,Sports,UPI,1,1821.45,284.4,1537.0500000000002,2025-05
51008,2025-05-06 21:00:00,East,Electronics,Card,1,5222.5,20.39,5202.11,2025-05
51009,2025-05-07 00:00:00,East,Fashion,UPI,4,1343.65,483.33,4891.27,2025-05
51010,2025-05-07 03:00:00,West,Beauty,Card,3,1135.42,75.99,3330.2700000000004,2025-05
51011,2025-05-07 06:00:00,West,Fashion,COD,4,1850.51,591.05,6810.99,2025-05
51012,2025-05-07 09:00:00,East,Electronics,UPI,1,2531.66,180.22,2351.44,2025-05
51013,2025-05-07 12:00:00,South,Electronics,UPI,1,1419.74,453.26,966.48,2025-05
51014,2025-05-07 15:00:00,West,Beauty,COD,5,254.57,429.06,843.79,2025-05
51015,2025-05-07 18:00:00,South,Home,Card,5,1271.54,121.46,6236.24,2025-05
51016,2025-05-07 21:00:00,West,Fashion,UPI,3,847.26,350.31,2191.47,2025-05
51017,2025-05-08 00:00:00,West,Sports,Card,2,1085.92,191.73,1980.1100000000001,2025-05
51018,2025-05-08 03:00:00,South,Fashion,UPI,5,2202.54,136.4,10876.300000000001,2025-05
51019,2025-05-08 06:00:00,South,Beauty,COD,2,1445.47,506.28,2384.66,2025-05
51020,2025-05-08 09:00:00,East,Beauty,UPI,2,797.8,114.05,1481.55,2025-05
51021,2025-05-08 12:00:00,West,Electronics,UPI,1,1968.25,366.22,1602.03,2025-05
51022,2025-05-08 15:00:00,North,Beauty,Net Banking,5,3615.76,298.33,17780.47,2025-05
51023,2025-05-08 18:00:00,South,Sports,COD,2,2091.9,398.58,3785.2200000000003,2025-05
51024,2025-05-08 21:00:00,South,Home,UPI,5,751.28,54.52,3701.8799999999997,2025-05
51025,2025-05-09 00:00:00,North,Electronics,COD,2,1250.86,98.03,2403.6899999999996,2025-05
51026,2025-05-09 03:00:00,North,Electronics,UPI,2,524.71,303.05,746.3700000000001,2025-05
51027,2025-05-09 06:00:00,North,Home,COD,3,2526.88,427.47,7153.17,2025-05
51028,2025-05-09 09:00:00,East,Sports,Card,5,741.86,96.95,3612.3500000000004,2025-05
51029,2025-05-09 12:00:00,North,Sports,Card,4,1950.35,304.84,7496.5599999999995,2025-05
51030,2025-05-09 15:00:00,South,Beauty,UPI,5,310.85,294.91,1259.34,2025-05
51031,2025-05-09 18:00:00,North,Fashion,UPI,2,1530.57,109.61,2951.5299999999997,2025-05
51032,2025-05-09 21:00:00,South,Home,Card,5,4382.94,58.34,21856.359999999997,2025-05
51033,2025-05-10 00:00:00,South,Electronics,Card,5,1714.02,238.36,8331.74,2025-05
51034,2025-05-10 03:00:00,North,Fashion,UPI,5,1127.98,360.42,5279.48,2025-05
51035,2025-05-10 06:00:00,North,Electronics,COD,5,4071.9,534.77,19824.73,2025-05
51036,2025-05-10 09:00:00,North,Beauty,UPI,5,1438.99,20.08,7174.87,2025-05
51037,2025-05-10 12:00:00,South,Electronics,UPI,2,1772.11,520.7,3023.5199999999995,2025-05
51038,2025-05-10 15:00:00,West,Fashion,Card,5,1898.71,382.97,9110.58,2025-05
51039,2025-05-10 18:00:00,South,Sports,UPI,2,1120.78,178.51,2063.05,2025-05
51040,2025-05-10 21:00:00,East,Fashion,COD,1,803.24,422.11,381.13,2025-05
51041,2025-05-11 00:00:00,North,Beauty,UPI,3,1327.84,142.02,3841.4999999999995,2025-05
51042,2025-05-11 03:00:00,East,Home,UPI,3,1474.32,194.74,4228.22,2025-05
51043,2025-05-11 06:00:00,South,Beauty,Card,5,3350.92,54.92,16699.68,2025-05
51044,2025-05-11 09:00:00,South,Home,COD,2,2032.81,189.49,3876.13,2025-05
51045,2025-05-11 12:00:00,West,Home,UPI,5,848.02,447.31,3792.7900000000004,2025-05
51046,2025-05-11 15:00:00,West,Beauty,UPI,5,1681.7,500.47,7908.03,2025-05
51047,2025-05-11 18:00:00,North,Home,COD,1,2173.03,490.64,1682.3900000000003,2025-05
51048,2025-05-11 21:00:00,North,Home,UPI,1,858.85,7.55,851.3000000000001,2025-05
51049,2025-05-12 00:00:00,South,Sports,COD,4,1149.41,297.56,4300.08,2025-05
51050,2025-05-12 03:00:00,South,Fashion,UPI,3,1790.43,523.86,4847.43,2025-05
51051,2025-05-12 06:00:00,East,Beauty,COD,4,1051.31,33.22,4172.0199999999995,2025-05
51052,2025-05-12 09:00:00,East,Beauty,COD,4,2759.46,376.0,10661.84,2025-05
51053,2025-05-12 12:00:00,West,Sports,UPI,4,892.53,407.33,3162.79,2025-05
51054,2025-05-12 15:00:00,South,Beauty,COD,3,1360.39,220.19,3860.98,2025-05
51055,2025-05-12 18:00:00,North,Fashion,Card,2,679.42,139.83,1219.01,2025-05
51056,2025-05-12 21:00:00,West,Home,UPI,5,2790.62,290.14,13662.96,2025-05
51057,2025-05-13 00:00:00,South,Beauty,UPI,4,2541.96,471.57,9696.27,2025-05
51058,2025-05-13 03:00:00,South,Fashion,COD,5,2390.81,586.54,11367.509999999998,2025-05
51059,2025-05-13 06:00:00,East,Electronics,COD,2,2128.07,101.32,4154.820000000001,2025-05
51060,2025-05-13 09:00:00,South,Electronics,Card,2,3851.62,36.15,7667.09,2025-05
51061,2025-05-13 12:00:00,East,Beauty,Card,4,1666.5,337.43,6328.57,2025-05
51062,2025-05-13 15:00:00,West,Sports,Card,2,603.46,381.27,825.6500000000001,2025-05
51063,2025-05-13 18:00:00,South,Electronics,UPI,3,1743.99,162.97,5069.0,2025-05
51064,2025-05-13 21:00:00,South,Home,COD,2,704.05,406.14,1001.9599999999999,2025-05
51065,2025-05-14 00:00:00,West,Sports,Card,5,566.3,339.25,2492.25,2025-05
51066,2025-05-14 03:00:00,South,Fashion,COD,1,3768.21,588.15,3180.06,2025-05
51067,2025-05-14 06:00:00,South,Sports,Card,3,708.13,82.78,2041.61,2025-05
51068,2025-05-14 09:00:00,West,Electronics,UPI,2,1911.82,76.6,3747.04,2025-05
51069,2025-05-14 12:00:00,West,Home,UPI,3,827.01,58.11,2422.9199999999996,2025-05
51070,2025-05-14 15:00:00,East,Home,COD,1,1794.97,464.04,1330.93,2025-05
51071,2025-05-14 18:00:00,East,Sports,UPI,4,785.49,193.04,2948.92,2025-05
51072,2025-05-14 21:00:00,West,Fashion,Net Banking,5,707.34,258.39,3278.3100000000004,2025-05
51073,2025-05-15 00:00:00,East,Sports,UPI,4,522.2,370.78,1718.0200000000002,2025-05
51074,2025-05-15 03:00:00,West,Sports,UPI,2,683.67,55.36,1311.98,2025-05
51075,2025-05-15 06:00:00,West,Fashion,Net Banking,5,177.11,25.3,860.2500000000001,2025-05
51076,2025-05-15 09:00:00,South,Electronics,Card,2,678.08,361.2,994.96,2025-05
51077,2025-05-15 12:00:00,West,Electronics,Card,5,645.97,447.75,2782.1000000000004,2025-05
51078,2025-05-15 15:00:00,North,Home,Card,1,964.79,598.94,365.8499999999999,2025-05
51079,2025-05-15 18:00:00,South,Sports,UPI,5,850.57,179.24,4073.6100000000006,2025-05
51080,2025-05-15 21:00:00,West,Sports,Card,5,1370.08,583.82,6266.58,2025-05
51081,2025-05-16 00:00:00,South,Home,COD,1,623.74,291.14,332.6,2025-05
51082,2025-05-16 03:00:00,South,Beauty,Card,2,1235.36,230.01,2240.71,2025-05
51083,2025-05-16 06:00:00,South,Fashion,Card,5,433.03,447.9,1717.2499999999995,2025-05
51084,2025-05-16 09:00:00,South,Electronics,UPI,4,2082.48,436.76,7893.16,2025-05
51085,2025-05-16 12:00:00,West,Sports,UPI,1,1042.01,468.61,573.4,2025-05
51086,2025-05-16 15:00:00,West,Fashion,UPI,4,782.18,129.82,2998.8999999999996,2025-05
51087,2025-05-16 18:00:00,South,Electronics,UPI,1,652.39,177.78,474.61,2025-05
51088,2025-05-16 21:00:00,South,Sports,UPI,3,821.02,170.84,2292.22,2025-05
51089,2025-05-17 00:00:00,West,Home,Net Banking,1,2333.16,241.2,2091.96,2025-05
51090,2025-05-17 03:00:00,South,Home,Card,4,3314.57,17.21,13241.070000000002,2025-05
51091,2025-05-17 06:00:00,West,Electronics,UPI,1,2034.63,483.26,1551.3700000000001,2025-05
51092,2025-05-17 09:00:00,South,Sports,Card,2,572.72,453.86,691.58,2025-05
51093,2025-05-17 12:00:00,West,Beauty,Card,2,953.86,219.86,1687.8600000000001,2025-05
51094,2025-05-17 15:00:00,South,Fashion,UPI,5,946.34,441.38,4290.32,2025-05
51095,2025-05-17 18:00:00,North,Sports,UPI,2,2140.35,104.45,4176.25,2025-05
51096,2025-05-17 21:00:00,East,Fashion,Card,5,888.3,143.18,4298.32,2025-05
51097,2025-05-18 00:00:00,South,Electronics,COD,2,1468.21,536.97,2399.45,2025-05
51098,2025-05-18 03:00:00,East,Electronics,Card,3,2183.7,239.77,6311.329999999999,2025-05
51099,2025-05-18 06:00:00,South,Fashion,Card,5,660.65,38.0,3265.25,2025-05
51100,2025-05-18 09:00:00,South,Electronics,UPI,5,639.99,371.13,2828.8199999999997,2025-05
51101,2025-05-18 12:00:00,East,Beauty,UPI,3,1794.15,548.85,4833.6,2025-05
51102,2025-05-18 15:00:00,East,Sports,UPI,5,594.24,84.64,2886.56,2025-05
51103,2025-05-18 18:00:00,West,Home,UPI,4,2501.51,363.31,9642.730000000001,2025-05
51104,2025-05-18 21:00:00,South,Home,Net Banking,3,717.54,529.52,1623.1,2025-05
51105,2025-05-19 00:00:00,South,Electronics,Card,2,2037.55,207.06,3868.04,2025-05
51106,2025-05-19 03:00:00,South,Fashion,UPI,3,937.31,67.73,2744.2,2025-05
51107,2025-05-19 06:00:00,East,Electronics,UPI,3,2596.37,418.0,7371.11,2025-05
51108,2025-05-19 09:00:00,South,Sports,Net Banking,5,1829.39,269.31,8877.640000000001,2025-05
51109,2025-05-19 12:00:00,South,Sports,UPI,2,3768.04,71.77,7464.3099999999995,2025-05
51110,2025-05-19 15:00:00,South,Sports,UPI,2,1832.21,210.93,3453.4900000000002,2025-05
51111,2025-05-19 18:00:00,West,Fashion,Card,5,2520.64,247.91,12355.289999999999,2025-05
51112,2025-05-19 21:00:00,East,Sports,UPI,1,604.36,528.76,75.60000000000002,2025-05
51113,2025-05-20 00:00:00,East,Fashion,Card,5,2336.8,120.35,11563.65,2025-05
51114,2025-05-20 03:00:00,South,Fashion,UPI,2,1662.48,373.27,2951.69,2025-05
51115,2025-05-20 06:00:00,South,Electronics,Card,1,476.67,213.2,263.47,2025-05
51116,2025-05-20 09:00:00,West,Electronics,Card,5,1462.97,524.61,6790.240000000001,2025-05
51117,2025-05-20 12:00:00,East,Beauty,Card,3,1831.5,0.12,5494.38,2025-05
51118,2025-05-20 15:00:00,West,Electronics,UPI,2,1550.17,349.57,2750.77,2025-05
51119,2025-05-20 18:00:00,North,Electronics,COD,1,498.04,256.77,241.27000000000004,2025-05
51120,2025-05-20 21:00:00,East,Home,COD,5,1025.02,62.15,5062.950000000001,2025-05
51121,2025-05-21 00:00:00,East,Home,UPI,2,743.48,212.66,1274.3,2025-05
51122,2025-05-21 03:00:00,West,Electronics,Card,1,1234.6,532.42,702.18,2025-05
51123,2025-05-21 06:00:00,West,Home,Card,2,913.92,363.39,1464.4499999999998,2025-05
51124,2025-05-21 09:00:00,East,Beauty,COD,5,876.19,464.7,3916.250000000001,2025-05
51125,2025-05-21 12:00:00,South,Electronics,UPI,5,2302.96,147.65,11367.15,2025-05
51126,2025-05-21 15:00:00,West,Fashion,COD,3,1104.42,570.24,2743.0200000000004,2025-05
51127,2025-05-21 18:00:00,East,Home,Net Banking,4,756.43,217.89,2807.83,2025-05
51128,2025-05-21 21:00:00,West,Home,COD,2,748.1,97.48,1398.72,2025-05
51129,2025-05-22 00:00:00,West,Beauty,Net Banking,4,911.4,289.01,3356.59,2025-05
51130,2025-05-22 03:00:00,North,Electronics,UPI,3,1376.7,584.07,3546.03,2025-05
51131,2025-05-22 06:00:00,West,Sports,Card,3,2912.46,454.56,8282.820000000002,2025-05
51132,2025-05-22 09:00:00,West,Sports,Card,4,752.57,365.24,2645.04,2025-05
51133,2025-05-22 12:00:00,South,Fashion,UPI,5,1161.84,388.72,5420.48,2025-05
51134,2025-05-22 15:00:00,East,Sports,UPI,4,550.66,139.43,2063.21,2025-05
51135,2025-05-22 18:00:00,South,Beauty,UPI,3,995.89,261.71,2725.96,2025-05
51136,2025-05-22 21:00:00,West,Fashion,UPI,3,533.72,128.28,1472.88,2025-05
51137,2025-05-23 00:00:00,South,Fashion,COD,1,812.14,320.84,491.3,2025-05
51138,2025-05-23 03:00:00,North,Beauty,Net Banking,4,1672.29,269.85,6419.3099999999995,2025-05
51139,2025-05-23 06:00:00,West,Home,Card,4,870.98,442.6,3041.32,2025-05
51140,2025-05-23 09:00:00,East,Beauty,Card,2,1963.83,194.43,3733.23,2025-05
51141,2025-05-23 12:00:00,South,Beauty,UPI,5,1592.13,142.31,7818.34,2025-05
51142,2025-05-23 15:00:00,North,Beauty,COD,3,2266.91,176.46,6624.2699999999995,2025-05
51143,2025-05-23 18:00:00,West,Sports,UPI,4,1706.8,518.31,6308.889999999999,2025-05
51144,2025-05-23 21:00:00,West,Home,Card,1,659.1,134.51,524.59,2025-05
51145,2025-05-24 00:00:00,South,Fashion,Net Banking,3,1734.7,34.92,5169.18,2025-05
51146,2025-05-24 03:00:00,South,Beauty,UPI,1,1727.27,188.82,1538.45,2025-05
51147,2025-05-24 06:00:00,South,Beauty,Net Banking,5,923.47,199.28,4418.070000000001,2025-05
51148,2025-05-24 09:00:00,North,Home,COD,5,1205.73,115.19,5913.46,2025-05
51149,2025-05-24 12:00:00,South,Sports,COD,2,1140.87,493.44,1788.2999999999997,2025-05
51150,2025-05-24 15:00:00,North,Sports,COD,1,746.17,184.77,561.4,2025-05
51151,2025-05-24 18:00:00,West,Fashion,UPI,3,919.06,483.15,2274.0299999999997,2025-05
51152,2025-05-24 21:00:00,East,Electronics,Card,2,805.85,46.25,1565.45,2025-05
51153,2025-05-25 00:00:00,West,Home,UPI,2,1541.19,488.69,2593.69,2025-05
51154,2025-05-25 03:00:00,East,Sports,UPI,5,1654.28,90.54,8180.86,2025-05
51155,2025-05-25 06:00:00,South,Electronics,Card,4,2928.33,335.31,11378.01,2025-05
51156,2025-05-25 09:00:00,South,Electronics,UPI,1,1407.7,590.12,817.58,2025-05
51157,2025-05-25 12:00:00,South,Sports,UPI,5,318.9,424.45,1170.05,2025-05
51158,2025-05-25 15:00:00,South,Home,Card,3,684.47,300.68,1752.7299999999998,2025-05
51159,2025-05-25 18:00:00,East,Home,UPI,5,2062.8,383.6,9930.4,2025-05
51160,2025-05-25 21:00:00,North,Home,UPI,5,843.91,553.21,3666.34,2025-05
51161,2025-05-26 00:00:00,South,Electronics,Net Banking,1,2607.2,140.46,2466.74,2025-05
51162,2025-05-26 03:00:00,South,Sports,COD,1,1416.37,111.96,1304.4099999999999,2025-05
51163,2025-05-26 06:00:00,East,Beauty,Card,2,1237.87,509.04,1966.6999999999998,2025-05
51164,2025-05-26 09:00:00,South,Electronics,UPI,5,2189.07,95.88,10849.470000000001,2025-05
51165,2025-05-26 12:00:00,East,Electronics,UPI,3,913.91,314.12,2427.61,2025-05
51166,2025-05-26 15:00:00,South,Fashion,UPI,5,679.69,514.43,2884.0200000000004,2025-05
51167,2025-05-26 18:00:00,North,Fashion,Card,2,1352.6,54.09,2651.1099999999997,2025-05
51168,2025-05-26 21:00:00,North,Fashion,UPI,4,558.71,125.02,2109.82,2025-05
51169,2025-05-27 00:00:00,South,Home,COD,3,1525.64,102.92,4474.0,2025-05
51170,2025-05-27 03:00:00,West,Electronics,UPI,5,456.31,335.89,1945.6600000000003,2025-05
51171,2025-05-27 06:00:00,South,Beauty,Card,4,2801.03,453.07,10751.050000000001,2025-05
51172,2025-05-27 09:00:00,East,Sports,COD,4,733.32,211.69,2721.59,2025-05
51173,2025-05-27 12:00:00,East,Home,Net Banking,3,1031.99,505.6,2590.3700000000003,2025-05
51174,2025-05-27 15:00:00,West,Fashion,COD,3,1899.64,190.15,5508.77,2025-05
51175,2025-05-27 18:00:00,East,Home,COD,5,823.48,570.33,3547.0699999999997,2025-05
51176,2025-05-27 21:00:00,South,Beauty,Net Banking,3,1199.61,70.57,3528.2599999999998,2025-05
51177,2025-05-28 00:00:00,West,Sports,COD,1,241.98,227.97,50.0,2025-05
51178,2025-05-28 03:00:00,North,Fashion,UPI,4,1995.26,222.14,7758.9,2025-05
51179,2025-05-28 06:00:00,West,Fashion,Card,2,1187.22,136.2,2238.2400000000002,2025-05
51180,2025-05-28 09:00:00,South,Beauty,UPI,2,3313.15,376.48,6249.82,2025-05
51181,2025-05-28 12:00:00,South,Sports,Card,5,624.75,372.11,2751.64,2025-05
51182,2025-05-28 15:00:00,South,Home,UPI,4,1013.29,381.79,3671.37,2025-05
51183,2025-05-28 18:00:00,West,Beauty,Card,5,3478.87,452.99,16941.359999999997,2025-05
51184,2025-05-28 21:00:00,South,Electronics,UPI,5,866.93,311.34,4023.3099999999995,2025-05
51185,2025-05-29 00:00:00,South,Home,UPI,3,1298.66,347.37,3548.6100000000006,2025-05
51186,2025-05-29 03:00:00,North,Fashion,Net Banking,4,1304.28,129.71,5087.41,2025-05
51187,2025-05-29 06:00:00,East,Fashion,Card,4,1479.06,418.62,5497.62,2025-05
51188,2025-05-29 09:00:00,East,Electronics,COD,5,1001.89,321.79,4687.66,2025-05
51189,2025-05-29 12:00:00,South,Fashion,Card,5,613.01,172.4,2892.65,2025-05
51190,2025-05-29 15:00:00,South,Fashion,Card,2,1447.17,343.81,2550.53,2025-05
51191,2025-05-29 18:00:00,West,Sports,UPI,3,372.47,141.23,976.1800000000001,2025-05
51192,2025-05-29 21:00:00,West,Sports,Card,5,910.61,21.98,4531.070000000001,2025-05
51193,2025-05-30 00:00:00,South,Electronics,COD,4,1079.16,421.68,3894.9600000000005,2025-05
51194,2025-05-30 03:00:00,South,Sports,UPI,1,1150.05,390.44,759.6099999999999,2025-05
51195,2025-05-30 06:00:00,South,Electronics,UPI,1,2184.89,182.69,2002.1999999999998,2025-05
51196,2025-05-30 09:00:00,West,Fashion,Card,4,2424.43,524.59,9173.13,2025-05
51197,2025-05-30 12:00:00,North,Sports,UPI,2,453.04,591.51,314.57000000000005,2025-05
51198,2025-05-30 15:00:00,West,Electronics,UPI,3,538.04,353.48,1260.6399999999999,2025-05
51199,2025-05-30 18:00:00,South,Home,Net Banking,3,679.16,230.66,1806.82,2025-05
51200,2025-05-30 21:00:00,East,Sports,COD,1,1250.1,444.4,805.6999999999999,2025-05
51201,2025-05-31 00:00:00,West,Beauty,UPI,5,866.78,474.96,3858.9399999999996,2025-05
51202,2025-05-31 03:00:00,East,Sports,Card,2,1868.67,421.31,3316.03,2025-05
51203,2025-05-31 06:00:00,East,Home,UPI,4,603.73,573.25,1841.67,2025-05
51204,2025-05-31 09:00:00,West,Home,COD,2,991.68,501.41,1481.9499999999998,2025-05
51205,2025-05-31 12:00:00,North,Sports,Card,3,812.59,559.54,1878.23,2025-05
51206,2025-05-31 15:00:00,East,Fashion,Card,2,1707.62,255.79,3159.45,2025-05
51207,2025-05-31 18:00:00,North,Fashion,Card,2,3041.41,136.53,5946.29,2025-05
51208,2025-05-31 21:00:00,South,Fashion,Card,5,1287.22,414.45,6021.650000000001,2025-05
51209,2025-06-01 00:00:00,South,Electronics,Card,1,1456.62,598.68,857.9399999999999,2025-06
51210,2025-06-01 03:00:00,South,Beauty,COD,3,1021.97,389.89,2676.02,2025-06
51211,2025-06-01 06:00:00,East,Sports,UPI,1,1350.62,594.52,756.0999999999999,2025-06
51212,2025-06-01 09:00:00,West,Beauty,UPI,4,698.68,417.4,2377.3199999999997,2025-06
51213,2025-06-01 12:00:00,North,Electronics,COD,1,574.92,576.89,50.0,2025-06
51214,2025-06-01 15:00:00,East,Electronics,UPI,3,1159.58,168.03,3310.7099999999996,2025-06
51215,2025-06-01 18:00:00,North,Sports,Net Banking,5,1041.54,62.91,5144.79,2025-06
51216,2025-06-01 21:00:00,South,Sports,UPI,1,3172.42,587.77,2584.65,2025-06
51217,2025-06-02 00:00:00,West,Home,Card,5,1359.26,400.66,6395.64,2025-06
51218,2025-06-02 03:00:00,West,Sports,COD,2,548.52,454.11,642.93,2025-06
51219,2025-06-02 06:00:00,South,Electronics,COD,5,1444.19,585.44,6635.51,2025-06
51220,2025-06-02 09:00:00,West,Beauty,UPI,2,1393.08,419.37,2366.79,2025-06
51221,2025-06-02 12:00:00,West,Beauty,UPI,5,1549.03,489.08,7256.07,2025-06
51222,2025-06-02 15:00:00,North,Home,COD,4,1166.34,498.91,4166.45,2025-06
51223,2025-06-02 18:00:00,East,Fashion,Net Banking,5,2699.04,123.39,13371.810000000001,2025-06
51224,2025-06-02 21:00:00,South,Home,UPI,1,2907.73,257.49,2650.24,2025-06
51225,2025-06-03 00:00:00,North,Beauty,Net Banking,5,3177.26,169.26,15717.04,2025-06
51226,2025-06-03 03:00:00,South,Beauty,Card,2,1004.6,572.3,1436.9,2025-06
51227,2025-06-03 06:00:00,South,Sports,COD,3,2306.35,224.67,6694.379999999999,2025-06
51228,2025-06-03 09:00:00,North,Home,UPI,2,568.12,337.06,799.1800000000001,2025-06
51229,2025-06-03 12:00:00,South,Beauty,COD,4,894.35,187.26,3390.1400000000003,2025-06
51230,2025-06-03 15:00:00,South,Beauty,UPI,2,1063.71,363.82,1763.6000000000001,2025-06
51231,2025-06-03 18:00:00,West,Fashion,COD,5,857.01,402.8,3882.25,2025-06
51232,2025-06-03 21:00:00,North,Home,Card,2,824.77,271.65,1377.8899999999999,2025-06
51233,2025-06-04 00:00:00,South,Sports,Card,4,3054.08,113.44,12102.88,2025-06
51234,2025-06-04 03:00:00,North,Home,Card,1,3324.43,106.66,3217.77,2025-06
51235,2025-06-04 06:00:00,North,Electronics,UPI,4,1205.85,594.93,4228.469999999999,2025-06
51236,2025-06-04 09:00:00,West,Sports,Net Banking,4,773.91,291.04,2804.6,2025-06
51237,2025-06-04 12:00:00,South,Fashion,COD,4,1037.26,558.13,3590.91,2025-06
51238,2025-06-04 15:00:00,West,Beauty,Card,2,1397.86,296.62,2499.1,2025-06
51239,2025-06-04 18:00:00,South,Fashion,Card,3,928.86,568.47,2218.1099999999997,2025-06
51240,2025-06-04 21:00:00,South,Electronics,COD,5,2008.95,226.14,9818.61,2025-06
51241,2025-06-05 00:00:00,South,Electronics,COD,2,812.78,127.77,1497.79,2025-06
51242,2025-06-05 03:00:00,North,Sports,UPI,2,762.7,421.74,1103.66,2025-06
51243,2025-06-05 06:00:00,East,Fashion,COD,1,1508.11,35.4,1472.7099999999998,2025-06
51244,2025-06-05 09:00:00,East,Electronics,UPI,1,1603.38,358.08,1245.3000000000002,2025-06
51245,2025-06-05 12:00:00,West,Home,UPI,5,1326.55,457.06,6175.69,2025-06
51246,2025-06-05 15:00:00,North,Beauty,UPI,2,1091.08,440.86,1741.2999999999997,2025-06
51247,2025-06-05 18:00:00,South,Sports,UPI,4,748.42,225.13,2768.5499999999997,2025-06
51248,2025-06-05 21:00:00,North,Home,Net Banking,5,386.59,339.94,1593.0099999999998,2025-06
51249,2025-06-06 00:00:00,South,Sports,UPI,4,888.21,113.43,3439.4100000000003,2025-06
51250,2025-06-06 03:00:00,North,Electronics,Card,3,890.44,566.15,2105.17,2025-06
51251,2025-06-06 06:00:00,South,Sports,Card,5,1449.29,346.7,6899.75,2025-06
51252,2025-06-06 09:00:00,West,Fashion,COD,3,1792.93,96.91,5281.88,2025-06
51253,2025-06-06 12:00:00,South,Electronics,Card,1,1015.95,318.78,697.1700000000001,2025-06
51254,2025-06-06 15:00:00,South,Electronics,COD,5,3182.52,555.94,15356.66,2025-06
51255,2025-06-06 18:00:00,West,Beauty,Card,1,2399.63,114.25,2285.38,2025-06
51256,2025-06-06 21:00:00,South,Beauty,Card,3,1062.35,320.09,2866.9599999999996,2025-06
51257,2025-06-07 00:00:00,East,Beauty,UPI,5,1248.81,74.3,6169.749999999999,2025-06
51258,2025-06-07 03:00:00,West,Home,UPI,4,1107.71,476.74,3954.1000000000004,2025-06
51259,2025-06-07 06:00:00,South,Sports,UPI,5,635.8,10.36,3168.64,2025-06
51260,2025-06-07 09:00:00,West,Sports,COD,2,465.76,432.9,498.62,2025-06
51261,2025-06-07 12:00:00,East,Beauty,Card,4,1256.57,363.6,4662.679999999999,2025-06
51262,2025-06-07 15:00:00,West,Sports,Card,1,1564.55,32.94,1531.61,2025-06
51263,2025-06-07 18:00:00,South,Fashion,COD,5,1098.1,256.47,5234.03,2025-06
51264,2025-06-07 21:00:00,North,Fashion,UPI,2,2162.94,375.67,3950.21,2025-06
51265,2025-06-08 00:00:00,East,Fashion,COD,1,797.03,11.63,785.4,2025-06
51266,2025-06-08 03:00:00,South,Sports,Card,4,824.02,68.49,3227.59,2025-06
51267,2025-06-08 06:00:00,North,Home,UPI,5,1552.83,576.87,7187.28,2025-06
51268,2025-06-08 09:00:00,East,Beauty,COD,3,1117.93,47.4,3306.39,2025-06
51269,2025-06-08 12:00:00,West,Electronics,UPI,5,1526.93,207.12,7427.530000000001,2025-06
51270,2025-06-08 15:00:00,South,Beauty,UPI,1,1525.16,592.01,933.1500000000001,2025-06
51271,2025-06-08 18:00:00,North,Fashion,UPI,3,1134.43,367.0,3036.29,2025-06
51272,2025-06-08 21:00:00,North,Beauty,UPI,5,2189.55,227.77,10719.98,2025-06
51273,2025-06-09 00:00:00,South,Sports,COD,3,431.38,497.9,796.2399999999999,2025-06
51274,2025-06-09 03:00:00,East,Fashion,Net Banking,3,2301.26,311.25,6592.530000000001,2025-06
51275,2025-06-09 06:00:00,East,Electronics,COD,2,738.37,485.99,990.75,2025-06
51276,2025-06-09 09:00:00,North,Home,UPI,5,834.64,582.74,3590.46,2025-06
51277,2025-06-09 12:00:00,North,Beauty,Card,2,1902.27,199.1,3605.44,2025-06
51278,2025-06-09 15:00:00,West,Home,Card,2,798.16,495.83,1100.49,2025-06
51279,2025-06-09 18:00:00,South,Electronics,UPI,5,1381.4,4.38,6902.62,2025-06
51280,2025-06-09 21:00:00,South,Fashion,COD,3,920.59,327.46,2434.31,2025-06
51281,2025-06-10 00:00:00,South,Fashion,Card,5,272.83,98.6,1265.55,2025-06
51282,2025-06-10 03:00:00,West,Electronics,UPI,2,624.02,60.42,1187.62,2025-06
51283,2025-06-10 06:00:00,East,Home,COD,3,2301.64,251.12,6653.8,2025-06
51284,2025-06-10 09:00:00,South,Beauty,Net Banking,4,1562.4,416.88,5832.72,2025-06
51285,2025-06-10 12:00:00,North,Beauty,COD,5,719.44,81.64,3515.5600000000004,2025-06
51286,2025-06-10 15:00:00,East,Beauty,Card,2,908.36,340.01,1476.71,2025-06
51287,2025-06-10 18:00:00,North,Beauty,UPI,2,1106.86,439.66,1774.0599999999997,2025-06
51288,2025-06-10 21:00:00,South,Fashion,COD,4,1140.69,482.82,4079.94,2025-06
51289,2025-06-11 00:00:00,North,Electronics,UPI,2,1357.38,237.11,2477.65,2025-06
51290,2025-06-11 03:00:00,West,Sports,Net Banking,1,1402.4,69.44,1332.96,2025-06
51291,2025-06-11 06:00:00,South,Fashion,UPI,1,712.18,227.91,484.27,2025-06
51292,2025-06-11 09:00:00,East,Sports,UPI,4,1310.25,137.73,5103.27,2025-06
51293,2025-06-11 12:00:00,West,Electronics,Card,3,2360.33,108.71,6972.28,2025-06
51294,2025-06-11 15:00:00,North,Electronics,Card,1,1666.06,413.39,1252.67,2025-06
51295,2025-06-11 18:00:00,South,Home,Net Banking,3,1449.78,344.19,4005.15,2025-06
51296,2025-06-11 21:00:00,East,Sports,UPI,5,1094.98,277.43,5197.469999999999,2025-06
51297,2025-06-12 00:00:00,North,Beauty,Card,4,496.18,305.48,1679.24,2025-06
51298,2025-06-12 03:00:00,South,Fashion,UPI,5,410.51,194.29,1858.2600000000002,2025-06
51299,2025-06-12 06:00:00,South,Beauty,UPI,5,1336.51,64.82,6617.7300000000005,2025-06
51300,2025-06-12 09:00:00,South,Beauty,Card,1,1209.73,540.48,669.25,2025-06
51301,2025-06-12 12:00:00,East,Electronics,Card,3,1484.13,463.05,3989.34,2025-06
51302,2025-06-12 15:00:00,West,Sports,Card,4,2524.16,72.14,10024.5,2025-06
51303,2025-06-12 18:00:00,West,Sports,Net Banking,2,871.29,177.5,1565.08,2025-06
51304,2025-06-12 21:00:00,West,Beauty,UPI,3,511.93,76.49,1459.3,2025-06
51305,2025-06-13 00:00:00,West,Sports,UPI,4,1581.21,576.55,5748.29,2025-06
51306,2025-06-13 03:00:00,South,Electronics,Card,2,1535.93,118.71,2953.15,2025-06
51307,2025-06-13 06:00:00,South,Beauty,Card,2,670.28,87.31,1253.25,2025-06
51308,2025-06-13 09:00:00,West,Home,COD,1,1278.38,132.18,1146.2,2025-06
51309,2025-06-13 12:00:00,North,Home,Card,4,3435.2,142.76,13598.039999999999,2025-06
51310,2025-06-13 15:00:00,North,Fashion,Card,4,465.15,542.8,1317.8,2025-06
51311,2025-06-13 18:00:00,South,Home,UPI,1,1898.45,140.16,1758.29,2025-06
51312,2025-06-13 21:00:00,South,Fashion,Card,1,2208.12,22.42,2185.7,2025-06
51313,2025-06-14 00:00:00,North,Sports,UPI,5,1519.06,95.66,7499.639999999999,2025-06
51314,2025-06-14 03:00:00,West,Home,Card,3,1137.82,139.93,3273.53,2025-06
51315,2025-06-14 06:00:00,East,Electronics,UPI,1,2061.99,235.07,1826.9199999999998,2025-06
51316,2025-06-14 09:00:00,South,Sports,COD,1,660.36,285.41,374.95,2025-06
51317,2025-06-14 12:00:00,South,Sports,Card,1,1149.9,398.52,751.3800000000001,2025-06
51318,2025-06-14 15:00:00,West,Home,COD,4,734.71,309.81,2629.03,2025-06
51319,2025-06-14 18:00:00,North,Fashion,Card,5,1255.14,167.8,6107.900000000001,2025-06
51320,2025-06-14 21:00:00,East,Home,UPI,4,955.56,375.25,3446.99,2025-06
51321,2025-06-15 00:00:00,South,Sports,UPI,2,631.03,428.85,833.2099999999999,2025-06
51322,2025-06-15 03:00:00,South,Sports,UPI,3,2116.12,558.16,5790.2,2025-06
51323,2025-06-15 06:00:00,West,Electronics,COD,1,1860.63,290.65,1569.98,2025-06
51324,2025-06-15 09:00:00,West,Home,COD,3,616.66,414.55,1435.43,2025-06
51325,2025-06-15 12:00:00,South,Beauty,COD,2,2163.97,191.98,4135.96,2025-06
51326,2025-06-15 15:00:00,West,Home,Card,3,1140.81,513.95,2908.4799999999996,2025-06
51327,2025-06-15 18:00:00,East,Home,UPI,1,951.5,564.01,387.49,2025-06
51328,2025-06-15 21:00:00,East,Sports,Card,5,1272.02,597.77,5762.33,2025-06
51329,2025-06-16 00:00:00,West,Beauty,UPI,5,502.86,234.39,2279.9100000000003,2025-06
51330,2025-06-16 03:00:00,West,Beauty,Card,5,549.0,228.28,2516.72,2025-06
51331,2025-06-16 06:00:00,South,Fashion,UPI,3,2017.91,92.98,5960.750000000001,2025-06
51332,2025-06-16 09:00:00,South,Sports,Card,1,2177.67,60.0,2117.67,2025-06
51333,2025-06-16 12:00:00,North,Electronics,UPI,5,1039.05,351.75,4843.5,2025-06
51334,2025-06-16 15:00:00,East,Fashion,Card,3,1679.53,589.1,4449.49,2025-06
51335,2025-06-16 18:00:00,South,Beauty,UPI,2,1336.98,483.36,2190.6,2025-06
51336,2025-06-16 21:00:00,South,Home,UPI,1,1135.26,214.75,920.51,2025-06
51337,2025-06-17 00:00:00,East,Electronics,UPI,5,1800.75,200.82,8802.93,2025-06
51338,2025-06-17 03:00:00,South,Electronics,Net Banking,3,1642.64,473.77,4454.15,2025-06
51339,2025-06-17 06:00:00,West,Fashion,COD,2,722.92,20.59,1425.25,2025-06
51340,2025-06-17 09:00:00,South,Home,UPI,3,2821.64,585.82,7879.1,2025-06
51341,2025-06-17 12:00:00,South,Fashion,Card,3,995.49,461.26,2525.21,2025-06
51342,2025-06-17 15:00:00,East,Fashion,Net Banking,1,419.76,405.28,50.0,2025-06
51343,2025-06-17 18:00:00,South,Electronics,Card,4,1228.7,292.6,4622.2,2025-06
51344,2025-06-17 21:00:00,East,Sports,COD,4,1195.75,598.22,4184.78,2025-06
51345,2025-06-18 00:00:00,South,Fashion,Card,4,984.76,479.45,3459.59,2025-06
51346,2025-06-18 03:00:00,East,Fashion,COD,5,1094.93,45.65,5429.000000000001,2025-06
51347,2025-06-18 06:00:00,South,Sports,Net Banking,3,1130.3,199.73,3191.1699999999996,2025-06
51348,2025-06-18 09:00:00,West,Beauty,UPI,4,696.73,17.17,2769.75,2025-06
51349,2025-06-18 12:00:00,South,Home,UPI,2,994.2,52.24,1936.16,2025-06
51350,2025-06-18 15:00:00,South,Fashion,UPI,2,1285.95,371.52,2200.38,2025-06
51351,2025-06-18 18:00:00,South,Fashion,Card,2,920.81,115.82,1725.8,2025-06
51352,2025-06-18 21:00:00,South,Fashion,Card,2,1174.85,458.62,1891.08,2025-06
51353,2025-06-19 00:00:00,South,Home,UPI,2,3086.83,409.92,5763.74,2025-06
51354,2025-06-19 03:00:00,East,Electronics,COD,2,1151.07,343.03,1959.11,2025-06
51355,2025-06-19 06:00:00,South,Sports,Card,5,1390.83,508.91,6445.24,2025-06
51356,2025-06-19 09:00:00,South,Fashion,Card,1,401.8,85.66,316.14,2025-06
51357,2025-06-19 12:00:00,South,Home,UPI,2,1379.45,588.76,2170.1400000000003,2025-06
51358,2025-06-19 15:00:00,East,Sports,UPI,3,1202.71,381.54,3226.59,2025-06
51359,2025-06-19 18:00:00,North,Home,UPI,1,2223.6,405.34,1818.26,2025-06
51360,2025-06-19 21:00:00,South,Sports,COD,5,1068.96,374.45,4970.35,2025-06
51361,2025-06-20 00:00:00,West,Home,Card,1,1522.2,94.04,1428.16,2025-06
51362,2025-06-20 03:00:00,East,Sports,COD,1,1206.65,346.49,860.1600000000001,2025-06
51363,2025-06-20 06:00:00,South,Sports,Card,3,2141.75,283.9,6141.35,2025-06
51364,2025-06-20 09:00:00,North,Beauty,Card,1,977.25,66.72,910.53,2025-06
51365,2025-06-20 12:00:00,West,Electronics,UPI,4,654.34,193.73,2423.63,2025-06
51366,2025-06-20 15:00:00,North,Sports,Card,3,3369.34,569.55,9538.470000000001,2025-06
51367,2025-06-20 18:00:00,West,Sports,COD,1,808.91,163.14,645.77,2025-06
51368,2025-06-20 21:00:00,East,Electronics,UPI,5,1156.49,195.08,5587.37,2025-06
51369,2025-06-21 00:00:00,West,Electronics,Net Banking,4,1652.03,124.84,6483.28,2025-06
51370,2025-06-21 03:00:00,North,Home,Net Banking,4,2661.22,365.88,10279.0,2025-06
51371,2025-06-21 06:00:00,South,Home,COD,5,1459.0,326.92,6968.08,2025-06
51372,2025-06-21 09:00:00,South,Fashion,Net Banking,1,976.65,263.03,713.62,2025-06
51373,2025-06-21 12:00:00,South,Beauty,Card,2,756.6,412.53,1100.67,2025-06
51374,2025-06-21 15:00:00,North,Electronics,UPI,2,939.41,228.82,1650.0,2025-06
51375,2025-06-21 18:00:00,South,Beauty,UPI,4,775.95,484.93,2618.8700000000003,2025-06
51376,2025-06-21 21:00:00,West,Fashion,UPI,5,1603.67,545.05,7473.3,2025-06
51377,2025-06-22 00:00:00,South,Beauty,UPI,2,1290.3,100.43,2480.17,2025-06
51378,2025-06-22 03:00:00,West,Fashion,Card,5,417.95,67.99,2021.76,2025-06
51379,2025-06-22 06:00:00,East,Beauty,UPI,5,3270.37,518.94,15832.909999999998,2025-06
51380,2025-06-22 09:00:00,South,Fashion,COD,4,1676.5,18.28,6687.72,2025-06
51381,2025-06-22 12:00:00,West,Fashion,UPI,3,3833.38,334.99,11165.15,2025-06
51382,2025-06-22 15:00:00,South,Home,UPI,5,895.19,265.92,4210.030000000001,2025-06
51383,2025-06-22 18:00:00,South,Home,UPI,5,519.49,519.68,2077.77,2025-06
51384,2025-06-22 21:00:00,North,Electronics,COD,2,3097.14,582.04,5612.24,2025-06
51385,2025-06-23 00:00:00,East,Sports,UPI,3,863.29,511.8,2078.0699999999997,2025-06
51386,2025-06-23 03:00:00,North,Home,Net Banking,1,1226.06,311.51,914.55,2025-06
51387,2025-06-23 06:00:00,South,Beauty,UPI,4,1024.86,50.42,4049.0199999999995,2025-06
51388,2025-06-23 09:00:00,North,Fashion,Net Banking,4,1046.07,246.46,3937.8199999999997,2025-06
51389,2025-06-23 12:00:00,North,Home,UPI,3,951.37,433.66,2420.4500000000003,2025-06
51390,2025-06-23 15:00:00,West,Sports,COD,5,1240.04,486.23,5713.969999999999,2025-06
51391,2025-06-23 18:00:00,East,Home,Net Banking,2,1411.45,448.59,2374.31,2025-06
51392,2025-06-23 21:00:00,West,Sports,Card,5,2190.34,264.92,10686.78,2025-06
51393,2025-06-24 00:00:00,South,Beauty,UPI,2,1125.6,58.25,2192.95,2025-06
51394,2025-06-24 03:00:00,East,Beauty,Card,1,1952.25,437.41,1514.84,2025-06
51395,2025-06-24 06:00:00,West,Home,UPI,2,2913.94,544.32,5283.56,2025-06
51396,2025-06-24 09:00:00,South,Sports,Card,5,1542.18,28.95,7681.950000000001,2025-06
51397,2025-06-24 12:00:00,North,Home,Card,1,1050.8,127.84,922.9599999999999,2025-06
51398,2025-06-24 15:00:00,South,Electronics,Card,1,1504.54,86.13,1418.4099999999999,2025-06
51399,2025-06-24 18:00:00,West,Fashion,UPI,4,1011.15,462.66,3581.94,2025-06
51400,2025-06-24 21:00:00,South,Sports,Net Banking,2,1038.9,24.66,2053.1400000000003,2025-06
51401,2025-06-25 00:00:00,South,Beauty,Card,3,2755.22,502.77,7762.889999999999,2025-06
51402,2025-06-25 03:00:00,North,Electronics,Card,1,476.61,105.21,371.40000000000003,2025-06
51403,2025-06-25 06:00:00,South,Beauty,Card,5,1729.96,257.67,8392.13,2025-06
51404,2025-06-25 09:00:00,South,Home,UPI,4,1074.59,59.48,4238.88,2025-06
51405,2025-06-25 12:00:00,South,Electronics,Net Banking,3,1338.03,318.56,3695.53,2025-06
51406,2025-06-25 15:00:00,North,Electronics,Card,2,2015.96,203.17,3828.75,2025-06
51407,2025-06-25 18:00:00,South,Home,UPI,5,994.01,317.85,4652.2,2025-06
51408,2025-06-25 21:00:00,East,Electronics,UPI,5,1291.95,202.67,6257.08,2025-06
51409,2025-06-26 00:00:00,South,Fashion,Card,3,732.41,379.66,1817.57,2025-06
51410,2025-06-26 03:00:00,East,Fashion,UPI,4,1017.9,261.1,3810.5,2025-06
51411,2025-06-26 06:00:00,South,Beauty,UPI,5,3261.88,109.93,16199.470000000001,2025-06
51412,2025-06-26 09:00:00,North,Home,UPI,5,2256.4,425.04,10856.96,2025-06
51413,2025-06-26 12:00:00,East,Fashion,Net Banking,4,2585.31,170.02,10171.22,2025-06
51414,2025-06-26 15:00:00,North,Home,COD,5,1079.59,341.65,5056.3,2025-06
51415,2025-06-26 18:00:00,North,Sports,Card,3,2662.49,296.35,7691.119999999999,2025-06
51416,2025-06-26 21:00:00,South,Home,COD,5,2387.58,414.62,11523.279999999999,2025-06
51417,2025-06-27 00:00:00,South,Home,COD,4,545.01,235.24,1944.8,2025-06
51418,2025-06-27 03:00:00,North,Electronics,Card,3,944.17,495.48,2337.0299999999997,2025-06
51419,2025-06-27 06:00:00,East,Electronics,COD,3,1267.78,123.51,3679.83,2025-06
51420,2025-06-27 09:00:00,South,Sports,Card,4,827.73,224.66,3086.26,2025-06
51421,2025-06-27 12:00:00,East,Beauty,UPI,1,779.15,534.2,244.94999999999993,2025-06
51422,2025-06-27 15:00:00,West,Fashion,Card,5,1545.75,143.29,7585.46,2025-06
51423,2025-06-27 18:00:00,North,Beauty,UPI,5,1657.32,146.58,8140.02,2025-06
51424,2025-06-27 21:00:00,East,Home,Card,3,467.94,336.56,1067.26,2025-06
51425,2025-06-28 00:00:00,West,Home,UPI,5,721.99,296.63,3313.3199999999997,2025-06
51426,2025-06-28 03:00:00,East,Beauty,UPI,4,883.43,175.56,3358.16,2025-06
51427,2025-06-28 06:00:00,North,Home,Card,3,1347.62,506.87,3535.99,2025-06
51428,2025-06-28 09:00:00,South,Home,UPI,1,749.7,56.45,693.25,2025-06
51429,2025-06-28 12:00:00,West,Fashion,Card,1,424.71,216.48,208.23,2025-06
51430,2025-06-28 15:00:00,South,Fashion,COD,4,903.16,225.24,3387.3999999999996,2025-06
51431,2025-06-28 18:00:00,North,Fashion,Card,1,1041.99,396.17,645.8199999999999,2025-06
51432,2025-06-28 21:00:00,East,Sports,Card,3,2199.7,316.5,6282.599999999999,2025-06
51433,2025-06-29 00:00:00,South,Beauty,UPI,4,2070.53,355.58,7926.540000000001,2025-06
51434,2025-06-29 03:00:00,East,Fashion,UPI,4,1861.01,208.4,7235.64,2025-06
51435,2025-06-29 06:00:00,South,Beauty,UPI,2,1973.14,378.09,3568.19,2025-06
51436,2025-06-29 09:00:00,South,Home,UPI,2,3601.42,100.43,7102.41,2025-06
51437,2025-06-29 12:00:00,West,Fashion,UPI,2,533.42,149.91,916.93,2025-06
51438,2025-06-29 15:00:00,East,Electronics,UPI,5,851.65,214.46,4043.79,2025-06
51439,2025-06-29 18:00:00,East,Fashion,COD,1,2483.15,338.98,2144.17,2025-06
51440,2025-06-29 21:00:00,North,Home,UPI,3,1747.95,217.14,5026.71,2025-06
51441,2025-06-30 00:00:00,East,Home,UPI,2,1608.42,248.54,2968.3,2025-06
51442,2025-06-30 03:00:00,North,Home,COD,1,1320.01,13.88,1306.1299999999999,2025-06
51443,2025-06-30 06:00:00,West,Sports,Net Banking,4,1498.69,414.64,5580.12,2025-06
51444,2025-06-30 09:00:00,South,Electronics,UPI,1,538.01,194.64,343.37,2025-06
51445,2025-06-30 12:00:00,South,Home,Net Banking,1,2036.12,335.67,1700.4499999999998,2025-06
51446,2025-06-30 15:00:00,East,Sports,COD,5,637.0,69.37,3115.63,2025-06
51447,2025-06-30 18:00:00,South,Electronics,Card,3,397.19,30.85,1160.72,2025-06
51448,2025-06-30 21:00:00,West,Beauty,Net Banking,4,2616.59,20.04,10446.32,2025-06
51449,2025-07-01 00:00:00,South,Electronics,COD,1,686.46,78.43,608.03,2025-07
51450,2025-07-01 03:00:00,West,Sports,Net Banking,3,452.39,362.44,994.73,2025-07
51451,2025-07-01 06:00:00,South,Fashion,UPI,1,1647.91,244.78,1403.13,2025-07
51452,2025-07-01 09:00:00,East,Sports,UPI,5,748.33,303.02,3438.63,2025-07
51453,2025-07-01 12:00:00,North,Fashion,Card,2,969.95,229.72,1710.18,2025-07
51454,2025-07-01 15:00:00,East,Electronics,Card,2,1967.75,577.01,3358.49,2025-07
51455,2025-07-01 18:00:00,South,Electronics,Card,1,1668.26,417.16,1251.1,2025-07
51456,2025-07-01 21:00:00,West,Electronics,UPI,1,1481.51,98.78,1382.73,2025-07
51457,2025-07-02 00:00:00,South,Home,Card,2,958.22,396.94,1519.5,2025-07
51458,2025-07-02 03:00:00,South,Beauty,Net Banking,2,550.21,382.37,718.0500000000001,2025-07
51459,2025-07-02 06:00:00,North,Sports,COD,5,372.7,425.38,1438.12,2025-07
51460,2025-07-02 09:00:00,South,Sports,UPI,1,1998.25,472.53,1525.72,2025-07
51461,2025-07-02 12:00:00,East,Beauty,Card,2,609.53,32.32,1186.74,2025-07
51462,2025-07-02 15:00:00,South,Beauty,UPI,1,1031.64,496.57,535.0700000000002,2025-07
51463,2025-07-02 18:00:00,East,Electronics,UPI,1,1340.17,229.01,1111.16,2025-07
51464,2025-07-02 21:00:00,South,Fashion,UPI,4,1280.97,12.11,5111.77,2025-07
51465,2025-07-03 00:00:00,East,Fashion,Card,3,1285.64,462.19,3394.73,2025-07
51466,2025-07-03 03:00:00,West,Fashion,UPI,3,1701.73,570.59,4534.6,2025-07
51467,2025-07-03 06:00:00,West,Beauty,Card,4,863.57,419.34,3034.94,2025-07
51468,2025-07-03 09:00:00,South,Sports,UPI,4,1826.4,395.07,6910.530000000001,2025-07
51469,2025-07-03 12:00:00,West,Home,Card,3,1305.79,335.99,3581.38,2025-07
51470,2025-07-03 15:00:00,South,Beauty,Card,4,4050.35,183.24,16018.16,2025-07
51471,2025-07-03 18:00:00,West,Sports,Card,2,1279.32,101.3,2457.3399999999997,2025-07
51472,2025-07-03 21:00:00,South,Beauty,Card,4,1037.92,570.78,3580.9000000000005,2025-07
51473,2025-07-04 00:00:00,South,Fashion,UPI,2,1649.02,124.71,3173.33,2025-07
51474,2025-07-04 03:00:00,South,Electronics,UPI,5,520.29,578.86,2022.5899999999997,2025-07
51475,2025-07-04 06:00:00,South,Home,Card,3,2167.69,7.67,6495.4,2025-07
51476,2025-07-04 09:00:00,South,Home,Card,5,1282.15,162.64,6248.11,2025-07
51477,2025-07-04 12:00:00,North,Sports,Card,1,2436.31,547.93,1888.38,2025-07
51478,2025-07-04 15:00:00,South,Home,COD,2,1805.53,200.5,3410.56,2025-07
51479,2025-07-04 18:00:00,North,Fashion,UPI,4,1449.62,443.67,5354.8099999999995,2025-07
51480,2025-07-04 21:00:00,East,Beauty,Net Banking,5,1229.33,296.02,5850.629999999999,2025-07
51481,2025-07-05 00:00:00,East,Home,COD,1,1112.98,288.61,824.37,2025-07
51482,2025-07-05 03:00:00,South,Fashion,UPI,3,1786.87,282.91,5077.7,2025-07
51483,2025-07-05 06:00:00,North,Fashion,UPI,3,2695.97,207.84,7880.07,2025-07
51484,2025-07-05 09:00:00,West,Sports,COD,2,795.53,508.23,1082.83,2025-07
51485,2025-07-05 12:00:00,South,Home,UPI,3,1612.9,196.69,4642.010000000001,2025-07
51486,2025-07-05 15:00:00,West,Fashion,Card,5,653.21,135.4,3130.65,2025-07
51487,2025-07-05 18:00:00,West,Home,UPI,1,1118.42,239.76,878.6600000000001,2025-07
51488,2025-07-05 21:00:00,East,Beauty,Net Banking,2,772.02,219.73,1324.31,2025-07
51489,2025-07-06 00:00:00,West,Electronics,COD,4,415.0,309.0,1351.0,2025-07
51490,2025-07-06 03:00:00,North,Beauty,Card,5,946.18,191.85,4539.049999999999,2025-07
51491,2025-07-06 06:00:00,North,Sports,UPI,5,1184.22,286.4,5634.700000000001,2025-07
51492,2025-07-06 09:00:00,South,Sports,Card,2,796.88,65.74,1528.02,2025-07
51493,2025-07-06 12:00:00,West,Fashion,UPI,3,704.46,476.45,1636.93,2025-07
51494,2025-07-06 15:00:00,South,Home,UPI,4,781.89,85.33,3042.23,2025-07
51495,2025-07-06 18:00:00,South,Sports,UPI,4,634.72,52.51,2486.37,2025-07
51496,2025-07-06 21:00:00,South,Fashion,Card,4,996.26,566.68,3418.36,2025-07
51497,2025-07-07 00:00:00,West,Electronics,COD,2,2180.09,240.55,4119.63,2025-07
51498,2025-07-07 03:00:00,West,Electronics,UPI,4,1210.05,281.27,4558.93,2025-07
51499,2025-07-07 06:00:00,South,Beauty,UPI,2,680.79,517.99,843.5899999999999,2025-07
51500,2025-07-07 09:00:00,North,Home,Card,1,1536.42,423.35,1113.0700000000002,2025-07
51501,2025-07-07 12:00:00,West,Fashion,Card,3,987.8,281.26,2682.1399999999994,2025-07
51502,2025-07-07 15:00:00,North,Electronics,Card,3,1686.94,181.73,4879.09,2025-07
51503,2025-07-07 18:00:00,East,Home,COD,1,2138.63,267.81,1870.8200000000002,2025-07
51504,2025-07-07 21:00:00,East,Beauty,Card,3,2054.59,500.79,5662.9800000000005,2025-07
51505,2025-07-08 00:00:00,West,Beauty,UPI,1,972.02,368.99,603.03,2025-07
51506,2025-07-08 03:00:00,East,Beauty,UPI,1,1726.53,185.26,1541.27,2025-07
51507,2025-07-08 06:00:00,North,Beauty,Card,4,801.32,517.67,2687.61,2025-07
51508,2025-07-08 09:00:00,West,Beauty,UPI,4,973.09,252.0,3640.36,2025-07
51509,2025-07-08 12:00:00,North,Beauty,Net Banking,5,1232.29,479.83,5681.62,2025-07
51510,2025-07-08 15:00:00,North,Sports,Net Banking,3,563.54,2.73,1687.8899999999999,2025-07
51511,2025-07-08 18:00:00,East,Home,UPI,1,474.32,28.85,445.46999999999997,2025-07
51512,2025-07-08 21:00:00,North,Home,Card,4,1742.13,218.65,6749.870000000001,2025-07
51513,2025-07-09 00:00:00,West,Home,UPI,4,1283.73,449.15,4685.77,2025-07
51514,2025-07-09 03:00:00,South,Home,UPI,3,790.79,126.12,2246.25,2025-07
51515,2025-07-09 06:00:00,West,Home,Card,5,1154.59,231.76,5541.19,2025-07
51516,2025-07-09 09:00:00,South,Fashion,UPI,2,1739.41,411.4,3067.42,2025-07
51517,2025-07-09 12:00:00,West,Electronics,Card,3,990.19,394.72,2575.8500000000004,2025-07
51518,2025-07-09 15:00:00,West,Fashion,UPI,5,1866.9,408.45,8926.05,2025-07
51519,2025-07-09 18:00:00,North,Beauty,UPI,2,265.75,335.87,195.63,2025-07
51520,2025-07-09 21:00:00,South,Home,Net Banking,3,648.64,156.23,1789.69,2025-07
51521,2025-07-10 00:00:00,South,Fashion,UPI,3,413.0,212.88,1026.12,2025-07
51522,2025-07-10 03:00:00,North,Beauty,COD,3,1113.62,56.19,3284.6699999999996,2025-07
51523,2025-07-10 06:00:00,South,Fashion,Card,3,467.02,555.81,845.25,2025-07
51524,2025-07-10 09:00:00,South,Electronics,COD,2,1501.89,69.89,2933.8900000000003,2025-07
51525,2025-07-10 12:00:00,West,Electronics,COD,5,1633.67,129.6,8038.75,2025-07
51526,2025-07-10 15:00:00,West,Electronics,COD,4,5193.61,338.84,20435.6,2025-07
51527,2025-07-10 18:00:00,South,Sports,Net Banking,2,643.08,0.34,1285.8200000000002,2025-07
51528,2025-07-10 21:00:00,South,Fashion,Card,5,1165.15,476.51,5349.24,2025-07
51529,2025-07-11 00:00:00,West,Beauty,Card,1,941.79,450.95,490.84,2025-07
51530,2025-07-11 03:00:00,South,Sports,UPI,2,550.76,375.56,725.96,2025-07
51531,2025-07-11 06:00:00,West,Fashion,UPI,5,916.67,394.46,4188.889999999999,2025-07
51532,2025-07-11 09:00:00,West,Fashion,UPI,2,2930.86,287.78,5573.9400000000005,2025-07
51533,2025-07-11 12:00:00,East,Sports,COD,4,1406.86,153.47,5473.969999999999,2025-07
51534,2025-07-11 15:00:00,North,Fashion,UPI,3,776.04,199.88,2128.24,2025-07
51535,2025-07-11 18:00:00,East,Beauty,UPI,4,893.4,240.27,3333.33,2025-07
51536,2025-07-11 21:00:00,West,Beauty,Card,1,1924.32,576.95,1347.37,2025-07
51537,2025-07-12 00:00:00,North,Home,UPI,3,1344.15,465.28,3567.17,2025-07
51538,2025-07-12 03:00:00,West,Fashion,UPI,1,251.33,296.95,50.0,2025-07
51539,2025-07-12 06:00:00,North,Beauty,UPI,2,586.46,214.48,958.44,2025-07
51540,2025-07-12 09:00:00,North,Sports,UPI,1,2928.09,230.86,2697.23,2025-07
51541,2025-07-12 12:00:00,South,Sports,COD,2,656.08,290.72,1021.44,2025-07
51542,2025-07-12 15:00:00,East,Home,UPI,3,2862.92,241.47,8347.29,2025-07
51543,2025-07-12 18:00:00,South,Sports,Card,2,4200.89,85.86,8315.92,2025-07
51544,2025-07-12 21:00:00,South,Electronics,COD,1,908.85,199.0,709.85,2025-07
51545,2025-07-13 00:00:00,North,Fashion,UPI,3,1279.09,5.12,3832.1499999999996,2025-07
51546,2025-07-13 03:00:00,East,Fashion,COD,4,2813.13,397.04,10855.48,2025-07
51547,2025-07-13 06:00:00,East,Fashion,UPI,1,739.14,169.66,569.48,2025-07
51548,2025-07-13 09:00:00,West,Beauty,UPI,3,3425.95,396.85,9880.999999999998,2025-07
51549,2025-07-13 12:00:00,West,Home,UPI,4,1085.45,395.22,3946.58,2025-07
51550,2025-07-13 15:00:00,East,Beauty,Card,3,1246.56,144.51,3595.17,2025-07
51551,2025-07-13 18:00:00,West,Electronics,Card,5,1131.96,570.17,5089.63,2025-07
51552,2025-07-13 21:00:00,West,Beauty,COD,3,863.77,502.29,2089.02,2025-07
51553,2025-07-14 00:00:00,West,Electronics,Card,4,1752.3,308.0,6701.2,2025-07
51554,2025-07-14 03:00:00,South,Sports,Card,4,1025.81,253.45,3849.79,2025-07
51555,2025-07-14 06:00:00,North,Beauty,UPI,1,1218.08,296.75,921.3299999999999,2025-07
51556,2025-07-14 09:00:00,South,Fashion,COD,3,1197.04,28.13,3562.99,2025-07
51557,2025-07-14 12:00:00,West,Home,Card,5,2138.78,467.1,10226.800000000001,2025-07
51558,2025-07-14 15:00:00,North,Electronics,Card,2,1148.19,26.11,2270.27,2025-07
51559,2025-07-14 18:00:00,North,Fashion,Card,3,1720.44,205.57,4955.75,2025-07
51560,2025-07-14 21:00:00,North,Sports,UPI,3,1498.6,104.87,4390.929999999999,2025-07
51561,2025-07-15 00:00:00,West,Fashion,UPI,4,2782.09,312.27,10816.09,2025-07
51562,2025-07-15 03:00:00,North,Home,COD,1,779.52,524.01,255.51,2025-07
51563,2025-07-15 06:00:00,South,Electronics,COD,4,988.35,425.18,3528.2200000000003,2025-07
51564,2025-07-15 09:00:00,West,Sports,Card,3,4253.2,539.55,12220.05,2025-07
51565,2025-07-15 12:00:00,South,Fashion,COD,3,4563.16,383.11,13306.369999999999,2025-07
51566,2025-07-15 15:00:00,South,Home,Card,2,477.43,56.68,898.1800000000001,2025-07
51567,2025-07-15 18:00:00,West,Beauty,COD,2,2413.11,579.09,4247.13,2025-07
51568,2025-07-15 21:00:00,East,Home,COD,5,1590.38,89.07,7862.830000000001,2025-07
51569,2025-07-16 00:00:00,South,Home,Card,2,1399.01,274.05,2523.97,2025-07
51570,2025-07-16 03:00:00,South,Home,COD,1,506.52,430.72,75.79999999999995,2025-07
51571,2025-07-16 06:00:00,South,Beauty,UPI,2,913.45,273.73,1553.17,2025-07
51572,2025-07-16 09:00:00,South,Sports,Card,5,1289.75,345.0,6103.75,2025-07
51573,2025-07-16 12:00:00,South,Fashion,Card,2,554.97,157.26,952.6800000000001,2025-07
51574,2025-07-16 15:00:00,West,Fashion,Card,2,537.93,388.61,687.2499999999999,2025-07
51575,2025-07-16 18:00:00,South,Home,COD,3,1250.2,426.75,3323.8500000000004,2025-07
51576,2025-07-16 21:00:00,North,Electronics,COD,1,4417.11,245.1,4172.009999999999,2025-07
51577,2025-07-17 00:00:00,East,Electronics,COD,2,810.27,30.44,1590.1,2025-07
51578,2025-07-17 03:00:00,East,Fashion,UPI,1,969.93,345.48,624.4499999999999,2025-07
51579,2025-07-17 06:00:00,West,Electronics,Card,1,1960.91,222.07,1738.8400000000001,2025-07
51580,2025-07-17 09:00:00,North,Beauty,Net Banking,4,630.24,487.27,2033.69,2025-07
51581,2025-07-17 12:00:00,South,Sports,UPI,1,495.74,363.88,131.86,2025-07
51582,2025-07-17 15:00:00,South,Beauty,Card,4,1385.25,278.82,5262.18,2025-07
51583,2025-07-17 18:00:00,East,Fashion,Card,3,690.31,324.04,1746.8899999999999,2025-07
51584,2025-07-17 21:00:00,South,Beauty,COD,3,1149.0,573.5,2873.5,2025-07
51585,2025-07-18 00:00:00,East,Fashion,UPI,1,467.52,160.86,306.65999999999997,2025-07
51586,2025-07-18 03:00:00,South,Beauty,COD,3,2192.88,569.29,6009.35,2025-07
51587,2025-07-18 06:00:00,North,Sports,Card,2,1555.31,288.76,2821.8599999999997,2025-07
51588,2025-07-18 09:00:00,West,Beauty,UPI,1,854.84,112.88,741.96,2025-07
51589,2025-07-18 12:00:00,North,Electronics,UPI,3,1373.49,250.97,3869.5000000000005,2025-07
51590,2025-07-18 15:00:00,West,Fashion,UPI,5,1176.92,404.96,5479.64,2025-07
51591,2025-07-18 18:00:00,East,Sports,UPI,4,1484.95,526.3,5413.5,2025-07
51592,2025-07-18 21:00:00,East,Beauty,UPI,1,2146.38,139.13,2007.25,2025-07
51593,2025-07-19 00:00:00,South,Fashion,Card,5,2315.41,345.5,11231.55,2025-07
51594,2025-07-19 03:00:00,West,Electronics,Card,5,1809.84,171.92,8877.279999999999,2025-07
51595,2025-07-19 06:00:00,West,Fashion,UPI,3,1780.7,34.52,5307.58,2025-07
51596,2025-07-19 09:00:00,West,Electronics,UPI,3,4481.27,581.72,12862.090000000002,2025-07
51597,2025-07-19 12:00:00,South,Electronics,UPI,1,2014.74,62.59,1952.15,2025-07
51598,2025-07-19 15:00:00,East,Electronics,UPI,2,2356.84,42.85,4670.83,2025-07
51599,2025-07-19 18:00:00,South,Electronics,COD,4,1583.82,80.9,6254.38,2025-07
51600,2025-07-19 21:00:00,North,Electronics,Card,2,584.45,261.88,907.0200000000001,2025-07
51601,2025-07-20 00:00:00,South,Fashion,Card,5,412.22,385.4,1675.7000000000003,2025-07
51602,2025-07-20 03:00:00,South,Sports,COD,5,1118.91,139.24,5455.31,2025-07
51603,2025-07-20 06:00:00,West,Fashion,COD,3,618.77,105.88,1750.4299999999998,2025-07
51604,2025-07-20 09:00:00,East,Home,UPI,5,3932.13,22.14,19638.510000000002,2025-07
51605,2025-07-20 12:00:00,South,Home,UPI,2,866.36,53.84,1678.88,2025-07
51606,2025-07-20 15:00:00,East,Home,UPI,2,1096.78,221.77,1971.79,2025-07
51607,2025-07-20 18:00:00,North,Electronics,Card,2,900.23,387.07,1413.39,2025-07
51608,2025-07-20 21:00:00,East,Home,Card,4,1515.72,204.11,5858.77,2025-07
51609,2025-07-21 00:00:00,North,Electronics,UPI,2,1873.81,174.36,3573.2599999999998,2025-07
51610,2025-07-21 03:00:00,South,Beauty,Card,4,1773.55,528.34,6565.86,2025-07
51611,2025-07-21 06:00:00,West,Beauty,COD,4,736.21,422.49,2522.3500000000004,2025-07
51612,2025-07-21 09:00:00,South,Sports,UPI,5,2584.02,80.25,12839.85,2025-07
51613,2025-07-21 12:00:00,South,Beauty,UPI,2,624.64,522.63,726.65,2025-07
51614,2025-07-21 15:00:00,South,Beauty,UPI,4,1237.61,290.59,4659.849999999999,2025-07
51615,2025-07-21 18:00:00,East,Electronics,Card,2,2582.0,38.58,5125.42,2025-07
51616,2025-07-21 21:00:00,West,Beauty,UPI,3,1761.02,232.16,5050.9,2025-07
51617,2025-07-22 00:00:00,South,Beauty,Card,4,951.82,41.21,3766.07,2025-07
51618,2025-07-22 03:00:00,North,Fashion,Card,4,817.15,25.09,3243.5099999999998,2025-07
51619,2025-07-22 06:00:00,South,Electronics,UPI,2,1543.7,335.94,2751.46,2025-07
51620,2025-07-22 09:00:00,North,Beauty,UPI,5,995.6,333.63,4644.37,2025-07
51621,2025-07-22 12:00:00,West,Sports,COD,2,510.01,553.36,466.65999999999997,2025-07
51622,2025-07-22 15:00:00,South,Beauty,Card,3,463.38,9.68,1380.4599999999998,2025-07
51623,2025-07-22 18:00:00,East,Sports,Card,5,691.1,218.98,3236.52,2025-07
51624,2025-07-22 21:00:00,North,Fashion,Card,2,2763.15,427.09,5099.21,2025-07
51625,2025-07-23 00:00:00,South,Beauty,Card,1,647.28,305.07,342.21,2025-07
51626,2025-07-23 03:00:00,North,Beauty,UPI,4,1122.19,410.97,4077.79,2025-07
51627,2025-07-23 06:00:00,South,Fashion,COD,1,1187.2,38.48,1148.72,2025-07
51628,2025-07-23 09:00:00,West,Home,Net Banking,1,410.11,297.0,113.11000000000001,2025-07
51629,2025-07-23 12:00:00,West,Home,Card,5,1009.02,75.0,4970.1,2025-07
51630,2025-07-23 15:00:00,North,Beauty,COD,4,323.25,4.94,1288.06,2025-07
51631,2025-07-23 18:00:00,West,Sports,Card,4,995.43,240.3,3741.4199999999996,2025-07
51632,2025-07-23 21:00:00,East,Home,Card,2,1000.61,296.78,1704.44,2025-07
51633,2025-07-24 00:00:00,South,Sports,COD,2,995.31,395.36,1595.2599999999998,2025-07
51634,2025-07-24 03:00:00,South,Beauty,UPI,2,843.83,91.99,1595.67,2025-07
51635,2025-07-24 06:00:00,East,Sports,UPI,1,1128.46,349.38,779.08,2025-07
51636,2025-07-24 09:00:00,West,Fashion,UPI,3,1364.79,166.21,3928.16,2025-07
51637,2025-07-24 12:00:00,South,Fashion,Card,1,931.59,129.11,802.48,2025-07
51638,2025-07-24 15:00:00,West,Home,Net Banking,5,2044.5,239.85,9982.65,2025-07
51639,2025-07-24 18:00:00,South,Beauty,UPI,3,2132.49,117.3,6280.169999999999,2025-07
51640,2025-07-24 21:00:00,South,Fashion,Net Banking,1,1251.37,437.1,814.2699999999999,2025-07
51641,2025-07-25 00:00:00,West,Beauty,Card,1,1242.61,78.1,1164.51,2025-07
51642,2025-07-25 03:00:00,South,Home,Card,2,2572.53,533.48,4611.58,2025-07
51643,2025-07-25 06:00:00,West,Beauty,Card,5,1569.45,544.96,7302.29,2025-07
51644,2025-07-25 09:00:00,East,Electronics,Card,3,512.09,227.36,1308.9099999999999,2025-07
51645,2025-07-25 12:00:00,East,Fashion,UPI,1,1134.48,176.98,957.5,2025-07
51646,2025-07-25 15:00:00,South,Electronics,UPI,4,1306.75,114.25,5112.75,2025-07
51647,2025-07-25 18:00:00,South,Sports,UPI,5,816.14,333.85,3746.85,2025-07
51648,2025-07-25 21:00:00,North,Electronics,UPI,5,1394.92,36.71,6937.89,2025-07
51649,2025-07-26 00:00:00,East,Fashion,Card,2,565.39,42.75,1088.03,2025-07
51650,2025-07-26 03:00:00,West,Sports,UPI,4,535.03,380.78,1759.34,2025-07
51651,2025-07-26 06:00:00,West,Fashion,UPI,1,2523.04,300.9,2222.14,2025-07
51652,2025-07-26 09:00:00,East,Beauty,Net Banking,2,699.95,354.91,1044.99,2025-07
51653,2025-07-26 12:00:00,South,Beauty,UPI,2,498.83,387.5,610.16,2025-07
51654,2025-07-26 15:00:00,North,Sports,UPI,3,995.6,479.31,2507.4900000000002,2025-07
51655,2025-07-26 18:00:00,East,Sports,COD,3,326.79,64.26,916.1100000000001,2025-07
51656,2025-07-26 21:00:00,West,Fashion,Card,4,1165.04,410.61,4249.55,2025-07
51657,2025-07-27 00:00:00,North,Sports,COD,5,674.0,231.23,3138.77,2025-07
51658,2025-07-27 03:00:00,West,Electronics,Card,2,1233.76,449.21,2018.31,2025-07
51659,2025-07-27 06:00:00,South,Fashion,COD,1,2598.0,592.85,2005.15,2025-07
51660,2025-07-27 09:00:00,North,Home,UPI,5,766.19,16.16,3814.7900000000004,2025-07
51661,2025-07-27 12:00:00,South,Fashion,Net Banking,1,2640.15,256.82,2383.33,2025-07
51662,2025-07-27 15:00:00,East,Beauty,UPI,1,760.91,196.05,564.8599999999999,2025-07
51663,2025-07-27 18:00:00,North,Electronics,Card,5,1544.01,76.13,7643.92,2025-07
51664,2025-07-27 21:00:00,North,Home,COD,5,1933.38,44.22,9622.680000000002,2025-07
51665,2025-07-28 00:00:00,East,Fashion,COD,2,1497.38,445.96,2548.8,2025-07
51666,2025-07-28 03:00:00,South,Electronics,Card,1,1165.08,201.27,963.81,2025-07
51667,2025-07-28 06:00:00,South,Fashion,UPI,3,847.2,145.74,2395.8600000000006,2025-07
51668,2025-07-28 09:00:00,West,Beauty,COD,2,2249.68,202.87,4296.49,2025-07
51669,2025-07-28 12:00:00,South,Home,Net Banking,5,1323.59,79.37,6538.58,2025-07
51670,2025-07-28 15:00:00,North,Beauty,Card,3,470.94,51.64,1361.1799999999998,2025-07
51671,2025-07-28 18:00:00,South,Beauty,Net Banking,1,1139.42,495.81,643.6100000000001,2025-07
51672,2025-07-28 21:00:00,East,Electronics,COD,1,2582.71,212.08,2370.63,2025-07
51673,2025-07-29 00:00:00,West,Beauty,Card,4,823.33,585.18,2708.1400000000003,2025-07
51674,2025-07-29 03:00:00,North,Fashion,Net Banking,5,1871.4,140.8,9216.2,2025-07
51675,2025-07-29 06:00:00,East,Electronics,Card,1,1556.7,339.16,1217.54,2025-07
51676,2025-07-29 09:00:00,East,Beauty,Card,3,722.01,122.55,2043.4799999999998,2025-07
51677,2025-07-29 12:00:00,West,Fashion,UPI,3,2683.34,397.72,7652.3,2025-07
51678,2025-07-29 15:00:00,West,Home,COD,1,1193.94,411.17,782.77,2025-07
51679,2025-07-29 18:00:00,North,Fashion,UPI,4,618.4,458.07,2015.53,2025-07
51680,2025-07-29 21:00:00,West,Sports,UPI,1,1809.01,567.33,1241.6799999999998,2025-07
51681,2025-07-30 00:00:00,West,Fashion,UPI,1,627.57,48.5,579.07,2025-07
51682,2025-07-30 03:00:00,South,Beauty,Net Banking,4,564.74,323.06,1935.9,2025-07
51683,2025-07-30 06:00:00,South,Fashion,COD,1,1281.35,546.36,734.9899999999999,2025-07
51684,2025-07-30 09:00:00,South,Sports,UPI,4,951.51,388.65,3417.39,2025-07
51685,2025-07-30 12:00:00,North,Electronics,UPI,5,786.14,27.69,3903.0099999999998,2025-07
51686,2025-07-30 15:00:00,East,Fashion,UPI,5,760.96,534.72,3270.08,2025-07
51687,2025-07-30 18:00:00,North,Beauty,UPI,4,711.73,180.08,2666.84,2025-07
51688,2025-07-30 21:00:00,North,Sports,COD,4,342.11,228.04,1140.4,2025-07
51689,2025-07-31 00:00:00,East,Sports,Card,2,449.55,246.17,652.9300000000001,2025-07
51690,2025-07-31 03:00:00,South,Beauty,COD,2,1212.7,199.73,2225.67,2025-07
51691,2025-07-31 06:00:00,East,Beauty,Card,3,1376.63,310.92,3818.9700000000003,2025-07
51692,2025-07-31 09:00:00,South,Sports,Card,2,1613.83,479.2,2748.46,2025-07
51693,2025-07-31 12:00:00,South,Sports,COD,1,2753.19,114.09,2639.1,2025-07
51694,2025-07-31 15:00:00,North,Sports,UPI,4,1043.75,530.4,3644.6,2025-07
51695,2025-07-31 18:00:00,South,Sports,COD,1,2283.21,513.21,1770.0,2025-07
51696,2025-07-31 21:00:00,South,Sports,Card,5,2309.3,392.29,11154.21,2025-07
51697,2025-08-01 00:00:00,South,Beauty,Net Banking,5,587.59,353.17,2584.78,2025-08
51698,2025-08-01 03:00:00,South,Electronics,Card,4,1121.64,195.34,4291.22,2025-08
51699,2025-08-01 06:00:00,East,Fashion,COD,4,993.67,351.76,3622.92,2025-08
51700,2025-08-01 09:00:00,South,Fashion,COD,1,1404.09,40.37,1363.72,2025-08
51701,2025-08-01 12:00:00,West,Sports,Card,2,586.16,524.89,647.43,2025-08
51702,2025-08-01 15:00:00,South,Electronics,COD,5,775.8,402.22,3476.7799999999997,2025-08
51703,2025-08-01 18:00:00,West,Beauty,UPI,3,915.04,490.14,2254.98,2025-08
51704,2025-08-01 21:00:00,North,Sports,UPI,1,2089.77,158.3,1931.47,2025-08
51705,2025-08-02 00:00:00,South,Electronics,Card,4,1156.49,459.14,4166.82,2025-08
51706,2025-08-02 03:00:00,East,Fashion,UPI,5,1388.61,289.23,6653.82,2025-08
51707,2025-08-02 06:00:00,East,Home,Card,5,891.28,481.58,3974.8199999999997,2025-08
51708,2025-08-02 09:00:00,West,Electronics,UPI,3,1964.23,43.87,5848.820000000001,2025-08
51709,2025-08-02 12:00:00,South,Home,Card,1,748.52,120.78,627.74,2025-08
51710,2025-08-02 15:00:00,South,Fashion,UPI,2,1243.86,512.56,1975.1599999999999,2025-08
51711,2025-08-02 18:00:00,East,Sports,UPI,5,2508.98,156.83,12388.07,2025-08
51712,2025-08-02 21:00:00,North,Sports,UPI,3,1060.35,129.08,3051.97,2025-08
51713,2025-08-03 00:00:00,North,Beauty,Net Banking,2,752.0,123.68,1380.32,2025-08
51714,2025-08-03 03:00:00,North,Fashion,UPI,4,2861.8,568.76,10878.44,2025-08
51715,2025-08-03 06:00:00,East,Sports,Card,5,1681.11,28.26,8377.289999999999,2025-08
51716,2025-08-03 09:00:00,West,Electronics,Card,5,995.92,569.11,4410.49,2025-08
51717,2025-08-03 12:00:00,West,Sports,COD,2,663.59,266.77,1060.41,2025-08
51718,2025-08-03 15:00:00,South,Beauty,UPI,4,990.01,156.57,3803.47,2025-08
51719,2025-08-03 18:00:00,North,Beauty,Net Banking,2,1952.18,526.16,3378.2000000000003,2025-08
51720,2025-08-03 21:00:00,West,Sports,Card,2,1393.15,538.7,2247.6000000000004,2025-08
51721,2025-08-04 00:00:00,South,Home,UPI,2,1278.99,37.73,2520.25,2025-08
51722,2025-08-04 03:00:00,South,Sports,UPI,5,749.64,335.83,3412.37,2025-08
51723,2025-08-04 06:00:00,North,Sports,UPI,1,1615.24,368.47,1246.77,2025-08
51724,2025-08-04 09:00:00,East,Fashion,Net Banking,1,941.93,15.16,926.77,2025-08
51725,2025-08-04 12:00:00,West,Home,COD,1,1761.61,199.32,1562.29,2025-08
51726,2025-08-04 15:00:00,North,Beauty,UPI,4,868.85,500.7,2974.7000000000003,2025-08
51727,2025-08-04 18:00:00,North,Home,Card,2,1808.55,358.69,3258.41,2025-08
51728,2025-08-04 21:00:00,West,Home,Card,3,1080.57,50.76,3190.95,2025-08
51729,2025-08-05 00:00:00,South,Electronics,UPI,5,2000.62,136.31,9866.789999999999,2025-08
51730,2025-08-05 03:00:00,East,Electronics,Card,4,808.01,158.74,3073.3,2025-08
51731,2025-08-05 06:00:00,East,Electronics,UPI,5,1806.26,428.62,8602.679999999998,2025-08
51732,2025-08-05 09:00:00,South,Electronics,UPI,4,1050.3,271.71,3929.49,2025-08
51733,2025-08-05 12:00:00,South,Beauty,UPI,2,672.48,402.12,942.84,2025-08
51734,2025-08-05 15:00:00,West,Fashion,COD,1,1730.3,394.63,1335.67,2025-08
51735,2025-08-05 18:00:00,North,Beauty,COD,5,1229.12,141.34,6004.259999999999,2025-08
51736,2025-08-05 21:00:00,South,Electronics,Card,2,448.86,160.22,737.5,2025-08
51737,2025-08-06 00:00:00,South,Sports,UPI,4,1009.69,127.54,3911.2200000000003,2025-08
51738,2025-08-06 03:00:00,East,Home,COD,4,829.61,536.19,2782.25,2025-08
51739,2025-08-06 06:00:00,East,Beauty,UPI,2,912.46,345.63,1479.29,2025-08
51740,2025-08-06 09:00:00,East,Sports,UPI,2,1356.73,243.03,2470.43,2025-08
51741,2025-08-06 12:00:00,North,Home,UPI,3,686.44,133.3,1926.0200000000002,2025-08
51742,2025-08-06 15:00:00,South,Fashion,UPI,3,1260.44,274.27,3507.05,2025-08
51743,2025-08-06 18:00:00,South,Fashion,Card,3,1335.83,511.94,3495.5499999999997,2025-08
51744,2025-08-06 21:00:00,West,Home,UPI,2,1034.96,18.15,2051.77,2025-08
51745,2025-08-07 00:00:00,South,Sports,COD,3,705.3,139.44,1976.4599999999996,2025-08
51746,2025-08-07 03:00:00,South,Electronics,UPI,2,1659.31,220.2,3098.42,2025-08
51747,2025-08-07 06:00:00,West,Sports,UPI,5,942.84,116.49,4597.71,2025-08
51748,2025-08-07 09:00:00,West,Beauty,Card,3,838.34,154.39,2360.63,2025-08
51749,2025-08-07 12:00:00,North,Home,COD,2,2700.15,77.87,5322.43,2025-08
51750,2025-08-07 15:00:00,South,Sports,Card,2,739.56,424.44,1054.6799999999998,2025-08
51751,2025-08-07 18:00:00,South,Home,Card,1,1008.91,353.61,655.3,2025-08
51752,2025-08-07 21:00:00,North,Fashion,COD,4,585.41,467.54,1874.1,2025-08
51753,2025-08-08 00:00:00,West,Electronics,Card,3,757.22,468.73,1802.9299999999998,2025-08
51754,2025-08-08 03:00:00,East,Electronics,COD,2,651.87,114.12,1189.62,2025-08
51755,2025-08-08 06:00:00,South,Fashion,UPI,4,1000.42,490.75,3510.93,2025-08
51756,2025-08-08 09:00:00,South,Electronics,Card,3,1044.53,22.52,3111.07,2025-08
51757,2025-08-08 12:00:00,West,Fashion,UPI,4,1655.64,105.5,6517.06,2025-08
51758,2025-08-08 15:00:00,West,Fashion,COD,5,842.34,412.86,3798.8399999999997,2025-08
51759,2025-08-08 18:00:00,West,Beauty,COD,2,1632.15,160.11,3104.19,2025-08
51760,2025-08-08 21:00:00,South,Sports,UPI,1,1117.87,240.42,877.4499999999999,2025-08
51761,2025-08-09 00:00:00,South,Electronics,UPI,2,662.44,83.49,1241.39,2025-08
51762,2025-08-09 03:00:00,North,Fashion,COD,3,1362.72,553.25,3534.91,2025-08
51763,2025-08-09 06:00:00,West,Fashion,COD,1,781.35,126.91,654.44,2025-08
51764,2025-08-09 09:00:00,South,Electronics,COD,2,1533.31,278.63,2787.99,2025-08
51765,2025-08-09 12:00:00,South,Beauty,Card,5,1712.56,164.56,8398.24,2025-08
51766,2025-08-09 15:00:00,East,Electronics,UPI,4,936.48,155.14,3590.78,2025-08
51767,2025-08-09 18:00:00,North,Beauty,UPI,3,874.17,73.12,2549.39,2025-08
51768,2025-08-09 21:00:00,North,Sports,UPI,5,942.94,4.02,4710.68,2025-08
51769,2025-08-10 00:00:00,South,Fashion,UPI,4,2018.5,434.79,7639.21,2025-08
51770,2025-08-10 03:00:00,South,Sports,UPI,2,984.16,334.77,1633.55,2025-08
51771,2025-08-10 06:00:00,South,Sports,UPI,4,2523.54,406.62,9687.539999999999,2025-08
51772,2025-08-10 09:00:00,South,Fashion,Card,5,1157.59,525.32,5262.63,2025-08
51773,2025-08-10 12:00:00,South,Sports,UPI,4,1400.3,35.96,5565.24,2025-08
51774,2025-08-10 15:00:00,North,Home,Net Banking,1,573.84,519.55,54.29000000000008,2025-08
51775,2025-08-10 18:00:00,North,Sports,Card,5,1106.04,41.33,5488.87,2025-08
51776,2025-08-10 21:00:00,South,Home,Card,1,542.76,213.52,329.24,2025-08
51777,2025-08-11 00:00:00,North,Home,UPI,2,1375.68,364.03,2387.33,2025-08
51778,2025-08-11 03:00:00,South,Sports,COD,5,1233.51,305.32,5862.2300000000005,2025-08
51779,2025-08-11 06:00:00,North,Home,Card,4,2154.97,459.54,8160.339999999999,2025-08
51780,2025-08-11 09:00:00,South,Beauty,UPI,3,2575.87,189.1,7538.509999999999,2025-08
51781,2025-08-11 12:00:00,East,Electronics,UPI,2,1106.02,565.56,1646.48,2025-08
51782,2025-08-11 15:00:00,South,Sports,Net Banking,5,1969.8,565.12,9283.88,2025-08
51783,2025-08-11 18:00:00,East,Beauty,UPI,3,2607.33,542.46,7279.53,2025-08
51784,2025-08-11 21:00:00,West,Electronics,UPI,5,789.62,115.05,3833.0499999999997,2025-08
51785,2025-08-12 00:00:00,East,Fashion,UPI,2,1434.15,174.63,2693.67,2025-08
51786,2025-08-12 03:00:00,West,Electronics,UPI,1,2012.99,478.68,1534.31,2025-08
51787,2025-08-12 06:00:00,South,Beauty,UPI,2,1798.08,64.55,3531.6099999999997,2025-08
51788,2025-08-12 09:00:00,South,Beauty,UPI,1,845.72,343.88,501.84000000000003,2025-08
51789,2025-08-12 12:00:00,West,Beauty,Card,2,2068.46,297.0,3839.92,2025-08
51790,2025-08-12 15:00:00,West,Electronics,Card,5,1661.38,257.54,8049.3600000000015,2025-08
51791,2025-08-12 18:00:00,North,Fashion,Card,4,1384.72,593.04,4945.84,2025-08
51792,2025-08-12 21:00:00,East,Electronics,UPI,3,675.84,32.66,1994.86,2025-08
51793,2025-08-13 00:00:00,East,Beauty,COD,1,1449.92,14.39,1435.53,2025-08
51794,2025-08-13 03:00:00,North,Electronics,UPI,1,706.99,310.52,396.47,2025-08
51795,2025-08-13 06:00:00,South,Home,COD,1,569.78,302.48,267.29999999999995,2025-08
51796,2025-08-13 09:00:00,South,Home,Net Banking,5,882.66,212.97,4200.33,2025-08
51797,2025-08-13 12:00:00,South,Sports,Card,5,1226.23,274.98,5856.17,2025-08
51798,2025-08-13 15:00:00,North,Electronics,UPI,2,696.15,511.86,880.4399999999999,2025-08
51799,2025-08-13 18:00:00,South,Home,UPI,1,435.05,284.89,150.16000000000003,2025-08
51800,2025-08-13 21:00:00,South,Fashion,UPI,2,886.84,596.38,1177.3000000000002,2025-08
51801,2025-08-14 00:00:00,North,Sports,COD,4,777.99,448.4,2663.56,2025-08
51802,2025-08-14 03:00:00,West,Fashion,Card,4,1078.36,571.0,3742.4399999999996,2025-08
51803,2025-08-14 06:00:00,West,Sports,Card,5,1020.35,379.16,4722.59,2025-08
51804,2025-08-14 09:00:00,North,Beauty,Card,2,1765.6,56.73,3474.47,2025-08
51805,2025-08-14 12:00:00,South,Sports,COD,1,754.4,548.74,205.65999999999997,2025-08
51806,2025-08-14 15:00:00,South,Sports,UPI,3,607.19,167.11,1654.46,2025-08
51807,2025-08-14 18:00:00,South,Fashion,Card,1,1038.89,151.83,887.0600000000001,2025-08
51808,2025-08-14 21:00:00,West,Electronics,Card,3,363.55,479.87,610.7800000000001,2025-08
51809,2025-08-15 00:00:00,South,Beauty,Card,4,900.55,293.31,3308.89,2025-08
51810,2025-08-15 03:00:00,North,Beauty,Card,4,2205.45,599.86,8221.939999999999,2025-08
51811,2025-08-15 06:00:00,East,Sports,COD,4,934.28,91.7,3645.42,2025-08
51812,2025-08-15 09:00:00,West,Sports,Card,2,954.37,518.48,1390.26,2025-08
51813,2025-08-15 12:00:00,West,Sports,Card,5,667.33,472.3,2864.35,2025-08
51814,2025-08-15 15:00:00,South,Sports,Card,4,724.94,36.57,2863.19,2025-08
51815,2025-08-15 18:00:00,South,Beauty,Card,5,932.8,541.7,4122.3,2025-08
51816,2025-08-15 21:00:00,West,Electronics,Net Banking,4,4537.7,96.11,18054.69,2025-08
51817,2025-08-16 00:00:00,North,Electronics,Net Banking,3,999.76,338.09,2661.1899999999996,2025-08
51818,2025-08-16 03:00:00,East,Electronics,Net Banking,1,1240.95,539.97,700.98,2025-08
51819,2025-08-16 06:00:00,East,Electronics,Net Banking,3,1034.13,470.22,2632.17,2025-08
51820,2025-08-16 09:00:00,South,Home,Card,4,1104.28,33.9,4383.22,2025-08
51821,2025-08-16 12:00:00,East,Electronics,Card,4,849.13,20.16,3376.36,2025-08
51822,2025-08-16 15:00:00,West,Sports,UPI,3,852.67,201.98,2356.0299999999997,2025-08
51823,2025-08-16 18:00:00,South,Fashion,Net Banking,1,1776.53,187.12,1589.4099999999999,2025-08
51824,2025-08-16 21:00:00,West,Home,UPI,2,2149.13,153.23,4145.030000000001,2025-08
51825,2025-08-17 00:00:00,North,Electronics,UPI,5,1254.84,549.76,5724.44,2025-08
51826,2025-08-17 03:00:00,West,Beauty,Card,4,768.41,444.04,2629.6,2025-08
51827,2025-08-17 06:00:00,South,Sports,UPI,1,772.38,212.92,559.46,2025-08
51828,2025-08-17 09:00:00,North,Fashion,Card,4,1970.14,549.73,7330.83,2025-08
51829,2025-08-17 12:00:00,East,Home,UPI,5,2019.72,176.87,9921.73,2025-08
51830,2025-08-17 15:00:00,West,Beauty,Net Banking,1,767.77,583.15,184.62,2025-08
51831,2025-08-17 18:00:00,North,Electronics,COD,1,1571.51,500.49,1071.02,2025-08
51832,2025-08-17 21:00:00,East,Sports,UPI,5,794.31,233.2,3738.35,2025-08
51833,2025-08-18 00:00:00,South,Home,COD,4,1012.72,501.62,3549.26,2025-08
51834,2025-08-18 03:00:00,South,Sports,UPI,2,1026.9,230.81,1822.9900000000002,2025-08
51835,2025-08-18 06:00:00,West,Fashion,UPI,1,1104.41,373.59,730.8200000000002,2025-08
51836,2025-08-18 09:00:00,West,Home,UPI,1,3409.59,424.23,2985.36,2025-08
51837,2025-08-18 12:00:00,East,Electronics,Card,1,3897.07,15.85,3881.2200000000003,2025-08
51838,2025-08-18 15:00:00,South,Electronics,UPI,1,3417.18,15.48,3401.7,2025-08
51839,2025-08-18 18:00:00,North,Home,UPI,3,2108.19,147.23,6177.34,2025-08
51840,2025-08-18 21:00:00,East,Beauty,UPI,2,619.38,321.13,917.63,2025-08
51841,2025-08-19 00:00:00,North,Fashion,Card,2,1301.79,366.42,2237.16,2025-08
51842,2025-08-19 03:00:00,North,Sports,COD,1,716.88,400.1,316.78,2025-08
51843,2025-08-19 06:00:00,South,Home,UPI,4,1094.49,550.18,3827.78,2025-08
51844,2025-08-19 09:00:00,South,Beauty,UPI,4,797.22,407.27,2781.61,2025-08
51845,2025-08-19 12:00:00,West,Fashion,UPI,2,2697.3,281.27,5113.33,2025-08
51846,2025-08-19 15:00:00,North,Beauty,UPI,2,1026.85,102.38,1951.3199999999997,2025-08
51847,2025-08-19 18:00:00,South,Electronics,COD,4,1795.79,19.64,7163.5199999999995,2025-08
51848,2025-08-19 21:00:00,South,Fashion,UPI,2,831.84,531.07,1132.6100000000001,2025-08
51849,2025-08-20 00:00:00,East,Sports,Net Banking,5,2741.29,573.22,13133.230000000001,2025-08
51850,2025-08-20 03:00:00,East,Home,COD,2,765.86,52.16,1479.56,2025-08
51851,2025-08-20 06:00:00,West,Fashion,Card,2,1511.6,124.2,2899.0,2025-08
51852,2025-08-20 09:00:00,South,Fashion,UPI,4,1617.11,273.49,6194.95,2025-08
51853,2025-08-20 12:00:00,North,Home,Card,2,553.26,134.78,971.74,2025-08
51854,2025-08-20 15:00:00,North,Beauty,COD,3,774.81,475.29,1849.1399999999999,2025-08
51855,2025-08-20 18:00:00,South,Electronics,UPI,3,1856.93,49.04,5521.75,2025-08
51856,2025-08-20 21:00:00,South,Sports,Net Banking,1,1489.36,360.14,1129.2199999999998,2025-08
51857,2025-08-21 00:00:00,South,Beauty,Net Banking,1,240.55,3.05,237.5,2025-08
51858,2025-08-21 03:00:00,West,Fashion,UPI,2,1160.89,522.18,1799.6000000000004,2025-08
51859,2025-08-21 06:00:00,South,Electronics,COD,4,2791.48,526.08,10639.84,2025-08
51860,2025-08-21 09:00:00,South,Beauty,UPI,5,1497.65,115.89,7372.36,2025-08
51861,2025-08-21 12:00:00,West,Electronics,Card,2,1158.09,259.18,2057.0,2025-08
51862,2025-08-21 15:00:00,East,Sports,UPI,3,1325.2,396.17,3579.4300000000003,2025-08
51863,2025-08-21 18:00:00,South,Beauty,COD,2,487.91,487.17,488.65000000000003,2025-08
51864,2025-08-21 21:00:00,South,Beauty,UPI,4,896.21,382.98,3201.86,2025-08
51865,2025-08-22 00:00:00,South,Electronics,Card,3,3065.63,491.02,8705.869999999999,2025-08
51866,2025-08-22 03:00:00,East,Electronics,UPI,1,450.82,294.59,156.23000000000002,2025-08
51867,2025-08-22 06:00:00,West,Fashion,UPI,2,1909.61,165.93,3653.29,2025-08
51868,2025-08-22 09:00:00,East,Beauty,Card,5,588.48,81.74,2860.6600000000003,2025-08
51869,2025-08-22 12:00:00,East,Beauty,COD,2,1391.54,383.16,2399.92,2025-08
51870,2025-08-22 15:00:00,North,Electronics,Net Banking,4,1159.7,38.26,4600.54,2025-08
51871,2025-08-22 18:00:00,South,Beauty,Card,5,1351.09,252.63,6502.82,2025-08
51872,2025-08-22 21:00:00,South,Fashion,UPI,2,681.72,204.97,1158.47,2025-08
51873,2025-08-23 00:00:00,South,Beauty,Net Banking,1,1399.66,304.95,1094.71,2025-08
51874,2025-08-23 03:00:00,North,Beauty,Card,2,1702.94,146.85,3259.03,2025-08
51875,2025-08-23 06:00:00,South,Beauty,Net Banking,1,544.5,598.3,50.0,2025-08
51876,2025-08-23 09:00:00,West,Sports,Card,5,3042.49,227.79,14984.659999999998,2025-08
51877,2025-08-23 12:00:00,North,Beauty,UPI,2,658.72,347.18,970.26,2025-08
51878,2025-08-23 15:00:00,East,Beauty,Card,2,809.13,323.61,1294.65,2025-08
51879,2025-08-23 18:00:00,North,Fashion,Card,2,1643.67,471.09,2816.25,2025-08
51880,2025-08-23 21:00:00,East,Sports,UPI,3,951.52,194.13,2660.43,2025-08
51881,2025-08-24 00:00:00,East,Sports,Card,1,997.21,72.49,924.72,2025-08
51882,2025-08-24 03:00:00,East,Sports,UPI,2,746.26,574.86,917.66,2025-08
51883,2025-08-24 06:00:00,South,Beauty,UPI,4,1320.32,583.64,4697.639999999999,2025-08
51884,2025-08-24 09:00:00,South,Fashion,COD,2,699.68,251.81,1147.55,2025-08
51885,2025-08-24 12:00:00,West,Beauty,COD,4,714.57,349.72,2508.5600000000004,2025-08
51886,2025-08-24 15:00:00,North,Electronics,UPI,4,902.93,389.39,3222.33,2025-08
51887,2025-08-24 18:00:00,North,Electronics,Card,3,984.62,163.48,2790.38,2025-08
51888,2025-08-24 21:00:00,West,Beauty,UPI,3,1659.96,420.56,4559.32,2025-08
51889,2025-08-25 00:00:00,South,Fashion,UPI,1,885.65,0.9,884.75,2025-08
51890,2025-08-25 03:00:00,West,Beauty,Net Banking,2,1337.28,379.86,2294.7,2025-08
51891,2025-08-25 06:00:00,North,Beauty,Net Banking,5,1284.61,574.93,5848.119999999999,2025-08
51892,2025-08-25 09:00:00,South,Electronics,COD,4,837.28,525.68,2823.44,2025-08
51893,2025-08-25 12:00:00,North,Fashion,UPI,3,1029.04,559.35,2527.77,2025-08
51894,2025-08-25 15:00:00,North,Sports,Card,1,440.26,578.15,50.0,2025-08
51895,2025-08-25 18:00:00,North,Beauty,Card,1,832.02,366.89,465.13,2025-08
51896,2025-08-25 21:00:00,South,Sports,Card,3,593.82,303.25,1478.21,2025-08
51897,2025-08-26 00:00:00,South,Electronics,Card,1,941.91,121.29,820.62,2025-08
51898,2025-08-26 03:00:00,South,Fashion,UPI,3,2245.38,382.73,6353.41,2025-08
51899,2025-08-26 06:00:00,East,Electronics,UPI,4,475.28,213.7,1687.4199999999998,2025-08
51900,2025-08-26 09:00:00,South,Electronics,COD,5,1100.92,92.58,5412.02,2025-08
51901,2025-08-26 12:00:00,North,Sports,COD,3,1515.23,495.05,4050.6400000000003,2025-08
51902,2025-08-26 15:00:00,South,Sports,Card,5,1960.96,192.83,9611.97,2025-08
51903,2025-08-26 18:00:00,South,Sports,UPI,3,1058.38,368.36,2806.78,2025-08
51904,2025-08-26 21:00:00,North,Electronics,COD,4,1446.63,509.93,5276.59,2025-08
51905,2025-08-27 00:00:00,North,Sports,UPI,3,1346.05,4.73,4033.4199999999996,2025-08
51906,2025-08-27 03:00:00,East,Fashion,UPI,2,1809.21,458.62,3159.8,2025-08
51907,2025-08-27 06:00:00,South,Sports,Card,4,432.4,440.82,1288.78,2025-08
51908,2025-08-27 09:00:00,South,Home,Card,1,1051.21,87.7,963.51,2025-08
51909,2025-08-27 12:00:00,South,Sports,UPI,1,1322.16,152.12,1170.04,2025-08
51910,2025-08-27 15:00:00,South,Sports,Card,1,976.49,424.41,552.0799999999999,2025-08
51911,2025-08-27 18:00:00,South,Beauty,Card,4,1518.19,111.69,5961.070000000001,2025-08
51912,2025-08-27 21:00:00,West,Home,Card,5,1494.68,230.98,7242.420000000001,2025-08
51913,2025-08-28 00:00:00,South,Electronics,UPI,2,4306.6,466.8,8146.400000000001,2025-08
51914,2025-08-28 03:00:00,South,Sports,COD,4,1871.53,532.17,6953.95,2025-08
51915,2025-08-28 06:00:00,North,Beauty,Net Banking,1,983.54,86.78,896.76,2025-08
51916,2025-08-28 09:00:00,West,Home,COD,2,1534.06,466.71,2601.41,2025-08
51917,2025-08-28 12:00:00,South,Fashion,Card,2,1016.12,359.02,1673.22,2025-08
51918,2025-08-28 15:00:00,South,Fashion,Card,4,1752.63,128.08,6882.4400000000005,2025-08
51919,2025-08-28 18:00:00,East,Fashion,Card,4,1118.17,435.25,4037.4300000000003,2025-08
51920,2025-08-28 21:00:00,North,Fashion,Net Banking,1,1272.77,491.23,781.54,2025-08
51921,2025-08-29 00:00:00,South,Beauty,COD,5,2355.79,112.58,11666.37,2025-08
51922,2025-08-29 03:00:00,North,Fashion,UPI,5,523.3,371.32,2245.18,2025-08
51923,2025-08-29 06:00:00,East,Home,UPI,5,957.79,365.06,4423.889999999999,2025-08
51924,2025-08-29 09:00:00,East,Fashion,Card,4,1881.96,129.63,7398.21,2025-08
51925,2025-08-29 12:00:00,South,Home,Net Banking,4,439.24,527.38,1229.58,2025-08
51926,2025-08-29 15:00:00,East,Beauty,Net Banking,3,1277.34,60.12,3771.8999999999996,2025-08
51927,2025-08-29 18:00:00,North,Beauty,Card,3,1322.76,442.36,3525.9199999999996,2025-08
51928,2025-08-29 21:00:00,East,Electronics,Net Banking,3,5469.02,428.87,15978.19,2025-08
51929,2025-08-30 00:00:00,West,Beauty,Card,3,1002.65,472.86,2535.0899999999997,2025-08
51930,2025-08-30 03:00:00,North,Sports,Card,1,628.96,482.19,146.77000000000004,2025-08
51931,2025-08-30 06:00:00,South,Beauty,UPI,5,1333.5,169.82,6497.68,2025-08
51932,2025-08-30 09:00:00,South,Fashion,COD,3,2349.74,380.6,6668.619999999999,2025-08
51933,2025-08-30 12:00:00,North,Sports,UPI,5,1821.94,213.08,8896.62,2025-08
51934,2025-08-30 15:00:00,North,Fashion,COD,5,834.68,300.69,3872.7099999999996,2025-08
51935,2025-08-30 18:00:00,North,Sports,COD,3,3235.86,559.1,9148.48,2025-08
51936,2025-08-30 21:00:00,East,Sports,UPI,5,1108.91,438.96,5105.59,2025-08
51937,2025-08-31 00:00:00,West,Beauty,COD,3,673.78,141.86,1879.48,2025-08
51938,2025-08-31 03:00:00,North,Electronics,COD,5,1613.56,57.27,8010.529999999999,2025-08
51939,2025-08-31 06:00:00,West,Fashion,Card,3,2198.24,341.46,6253.259999999999,2025-08
51940,2025-08-31 09:00:00,East,Fashion,Net Banking,1,1448.34,253.5,1194.84,2025-08
51941,2025-08-31 12:00:00,West,Fashion,Net Banking,2,1076.1,97.62,2054.58,2025-08
51942,2025-08-31 15:00:00,East,Sports,UPI,5,381.87,563.14,1346.21,2025-08
51943,2025-08-31 18:00:00,South,Electronics,COD,5,2037.73,290.08,9898.57,2025-08
51944,2025-08-31 21:00:00,South,Beauty,Card,1,1114.52,98.73,1015.79,2025-08
51945,2025-09-01 00:00:00,East,Fashion,Card,3,1114.11,547.68,2794.65,2025-09
51946,2025-09-01 03:00:00,South,Sports,UPI,1,1469.94,35.21,1434.73,2025-09
51947,2025-09-01 06:00:00,South,Beauty,Card,3,2067.47,11.62,6190.79,2025-09
51948,2025-09-01 09:00:00,North,Beauty,UPI,2,838.33,10.66,1666.0,2025-09
51949,2025-09-01 12:00:00,West,Sports,Card,3,1588.84,526.68,4239.839999999999,2025-09
51950,2025-09-01 15:00:00,South,Beauty,Card,4,2350.23,32.62,9368.3,2025-09
51951,2025-09-01 18:00:00,West,Beauty,COD,3,872.25,144.41,2472.34,2025-09
51952,2025-09-01 21:00:00,West,Beauty,UPI,3,1165.86,49.01,3448.5699999999997,2025-09
51953,2025-09-02 00:00:00,West,Fashion,Net Banking,1,1815.9,208.56,1607.3400000000001,2025-09
51954,2025-09-02 03:00:00,South,Fashion,Card,4,2337.67,225.43,9125.25,2025-09
51955,2025-09-02 06:00:00,South,Sports,COD,1,1057.8,573.08,484.7199999999999,2025-09
51956,2025-09-02 09:00:00,North,Fashion,UPI,3,2633.2,147.7,7751.9,2025-09
51957,2025-09-02 12:00:00,South,Electronics,Card,2,945.73,53.89,1837.57,2025-09
51958,2025-09-02 15:00:00,South,Fashion,Card,2,1982.72,507.13,3458.31,2025-09
51959,2025-09-02 18:00:00,West,Sports,UPI,5,1314.18,474.76,6096.14,2025-09
51960,2025-09-02 21:00:00,East,Electronics,UPI,1,607.85,554.81,53.04000000000008,2025-09
51961,2025-09-03 00:00:00,North,Electronics,UPI,1,3208.72,192.14,3016.58,2025-09
51962,2025-09-03 03:00:00,East,Fashion,COD,5,1547.0,599.49,7135.51,2025-09
51963,2025-09-03 06:00:00,East,Electronics,Card,2,1332.21,511.53,2152.8900000000003,2025-09
51964,2025-09-03 09:00:00,West,Electronics,UPI,5,1995.89,481.01,9498.44,2025-09
51965,2025-09-03 12:00:00,South,Beauty,Card,1,934.63,410.26,524.37,2025-09
51966,2025-09-03 15:00:00,South,Electronics,Net Banking,4,7561.29,185.95,30059.21,2025-09
51967,2025-09-03 18:00:00,South,Electronics,Card,3,579.87,290.73,1448.88,2025-09
51968,2025-09-03 21:00:00,West,Beauty,COD,3,875.43,565.95,2060.34,2025-09
51969,2025-09-04 00:00:00,South,Sports,UPI,5,1223.21,395.22,5720.83,2025-09
51970,2025-09-04 03:00:00,East,Beauty,Card,1,943.69,489.0,454.69000000000005,2025-09
51971,2025-09-04 06:00:00,South,Fashion,Card,3,756.95,233.25,2037.6000000000004,2025-09
51972,2025-09-04 09:00:00,South,Home,UPI,1,2075.06,421.85,1653.21,2025-09
51973,2025-09-04 12:00:00,South,Fashion,Card,4,3098.62,591.34,11803.14,2025-09
51974,2025-09-04 15:00:00,South,Home,Net Banking,5,3137.68,35.24,15653.16,2025-09
51975,2025-09-04 18:00:00,North,Fashion,Card,4,1508.2,117.03,5915.77,2025-09
51976,2025-09-04 21:00:00,South,Fashion,COD,2,589.01,32.57,1145.45,2025-09
51977,2025-09-05 00:00:00,East,Sports,COD,5,990.6,435.01,4517.99,2025-09
51978,2025-09-05 03:00:00,East,Sports,UPI,2,3168.82,439.64,5898.0,2025-09
51979,2025-09-05 06:00:00,North,Electronics,COD,1,1793.96,399.49,1394.47,2025-09
51980,2025-09-05 09:00:00,West,Sports,COD,2,935.43,525.04,1345.82,2025-09
51981,2025-09-05 12:00:00,West,Home,Card,5,1278.59,57.61,6335.34,2025-09
51982,2025-09-05 15:00:00,East,Fashion,Card,4,1400.34,52.44,5548.92,2025-09
51983,2025-09-05 18:00:00,West,Beauty,UPI,5,490.86,274.64,2179.6600000000003,2025-09
51984,2025-09-05 21:00:00,South,Electronics,UPI,3,820.45,42.8,2418.55,2025-09
51985,2025-09-06 00:00:00,West,Electronics,COD,2,1384.49,243.34,2525.64,2025-09
51986,2025-09-06 03:00:00,North,Sports,Card,4,1215.21,75.29,4785.55,2025-09
51987,2025-09-06 06:00:00,South,Home,Card,1,1277.38,219.96,1057.42,2025-09
51988,2025-09-06 09:00:00,West,Electronics,Card,5,829.38,105.8,4041.0999999999995,2025-09
51989,2025-09-06 12:00:00,South,Electronics,UPI,5,480.59,333.19,2069.7599999999998,2025-09
51990,2025-09-06 15:00:00,North,Electronics,UPI,4,839.07,431.9,2924.38,2025-09
51991,2025-09-06 18:00:00,North,Home,COD,2,784.18,371.75,1196.61,2025-09
51992,2025-09-06 21:00:00,East,Beauty,COD,4,2143.49,242.02,8331.939999999999,2025-09
51993,2025-09-07 00:00:00,South,Beauty,Card,5,939.48,330.17,4367.23,2025-09
51994,2025-09-07 03:00:00,South,Fashion,UPI,3,2754.66,403.63,7860.349999999999,2025-09
51995,2025-09-07 06:00:00,West,Beauty,UPI,3,1527.67,559.97,4023.04,2025-09
51996,2025-09-07 09:00:00,East,Sports,Net Banking,5,2738.36,306.64,13385.160000000002,2025-09
51997,2025-09-07 12:00:00,South,Beauty,Card,3,809.87,375.42,2054.19,2025-09
51998,2025-09-07 15:00:00,East,Beauty,Net Banking,4,814.39,579.79,2677.77,2025-09
51999,2025-09-07 18:00:00,South,Electronics,Net Banking,4,2004.09,184.99,7831.37,2025-09
52000,2025-09-07 21:00:00,East,Beauty,UPI,1,3660.16,232.33,3427.83,2025-09
52001,2025-09-08 00:00:00,North,Fashion,UPI,1,1449.87,261.52,1188.35,2025-09
52002,2025-09-08 03:00:00,South,Electronics,COD,5,2848.0,296.55,13943.45,2025-09
52003,2025-09-08 06:00:00,South,Beauty,COD,3,3099.24,277.28,9020.439999999999,2025-09
52004,2025-09-08 09:00:00,North,Home,Card,5,1504.04,491.57,7028.63,2025-09
52005,2025-09-08 12:00:00,South,Fashion,Card,2,862.99,474.79,1251.19,2025-09
52006,2025-09-08 15:00:00,West,Sports,Net Banking,4,1890.13,72.84,7487.68,2025-09
52007,2025-09-08 18:00:00,North,Fashion,UPI,5,1219.95,144.27,5955.48,2025-09
52008,2025-09-08 21:00:00,East,Beauty,Card,4,1082.59,322.93,4007.43,2025-09
52009,2025-09-09 00:00:00,East,Sports,UPI,5,2852.23,501.19,13759.96,2025-09
52010,2025-09-09 03:00:00,East,Fashion,Card,4,953.18,338.64,3474.08,2025-09
52011,2025-09-09 06:00:00,West,Sports,COD,3,4251.66,402.0,12352.98,2025-09
52012,2025-09-09 09:00:00,West,Fashion,Card,5,512.3,145.88,2415.62,2025-09
52013,2025-09-09 12:00:00,West,Beauty,COD,2,1043.04,204.21,1881.87,2025-09
52014,2025-09-09 15:00:00,South,Home,COD,3,1823.2,292.98,5176.620000000001,2025-09
52015,2025-09-09 18:00:00,South,Sports,UPI,3,2738.64,250.34,7965.58,2025-09
52016,2025-09-09 21:00:00,South,Fashion,UPI,5,592.98,439.93,2524.9700000000003,2025-09
52017,2025-09-10 00:00:00,North,Home,UPI,1,452.61,337.86,114.75,2025-09
52018,2025-09-10 03:00:00,South,Home,Net Banking,3,321.83,64.06,901.4300000000001,2025-09
52019,2025-09-10 06:00:00,South,Electronics,UPI,1,460.49,21.44,439.05,2025-09
52020,2025-09-10 09:00:00,South,Sports,Net Banking,3,2701.4,97.47,8006.7300000000005,2025-09
52021,2025-09-10 12:00:00,South,Home,COD,1,1470.05,131.09,1338.96,2025-09
52022,2025-09-10 15:00:00,North,Beauty,UPI,4,806.36,484.13,2741.31,2025-09
52023,2025-09-10 18:00:00,East,Electronics,Card,4,1862.65,108.01,7342.59,2025-09
52024,2025-09-10 21:00:00,East,Home,Card,3,1443.04,336.64,3992.48,2025-09
52025,2025-09-11 00:00:00,West,Fashion,Card,3,1053.02,581.16,2577.9,2025-09
52026,2025-09-11 03:00:00,South,Electronics,Net Banking,5,1846.58,363.88,8869.02,2025-09
52027,2025-09-11 06:00:00,East,Home,Card,3,1125.97,503.32,2874.5899999999997,2025-09
52028,2025-09-11 09:00:00,South,Home,Card,4,1755.99,410.04,6613.92,2025-09
52029,2025-09-11 12:00:00,South,Sports,Card,4,556.87,532.29,1695.19,2025-09
52030,2025-09-11 15:00:00,North,Electronics,Net Banking,4,1894.78,164.11,7415.01,2025-09
52031,2025-09-11 18:00:00,East,Fashion,Card,4,1146.93,316.33,4271.39,2025-09
52032,2025-09-11 21:00:00,West,Fashion,Card,5,2122.09,460.88,10149.570000000002,2025-09
52033,2025-09-12 00:00:00,East,Home,COD,2,1393.47,534.03,2252.91,2025-09
52034,2025-09-12 03:00:00,East,Fashion,COD,4,1509.64,174.15,5864.410000000001,2025-09
52035,2025-09-12 06:00:00,North,Beauty,UPI,4,651.4,406.9,2198.7,2025-09
52036,2025-09-12 09:00:00,West,Fashion,UPI,5,1781.42,164.68,8742.42,2025-09
52037,2025-09-12 12:00:00,South,Home,UPI,4,1217.77,422.55,4448.53,2025-09
52038,2025-09-12 15:00:00,East,Home,Net Banking,2,407.28,498.21,316.34999999999997,2025-09
52039,2025-09-12 18:00:00,South,Beauty,Card,3,1066.54,72.47,3127.15,2025-09
52040,2025-09-12 21:00:00,South,Electronics,UPI,1,643.43,393.64,249.78999999999996,2025-09
52041,2025-09-13 00:00:00,South,Home,UPI,4,899.82,486.7,3112.5800000000004,2025-09
52042,2025-09-13 03:00:00,West,Beauty,Card,1,2295.47,543.68,1751.79,2025-09
52043,2025-09-13 06:00:00,South,Home,Card,2,1699.86,236.98,3162.74,2025-09
52044,2025-09-13 09:00:00,South,Fashion,UPI,1,1072.09,181.08,891.0099999999999,2025-09
52045,2025-09-13 12:00:00,West,Electronics,COD,3,5424.65,118.86,16155.089999999998,2025-09
52046,2025-09-13 15:00:00,South,Electronics,Card,5,947.2,392.2,4343.8,2025-09
52047,2025-09-13 18:00:00,North,Home,UPI,2,804.4,315.17,1293.6299999999999,2025-09
52048,2025-09-13 21:00:00,South,Fashion,COD,2,701.06,573.89,828.2299999999999,2025-09
52049,2025-09-14 00:00:00,West,Home,UPI,1,1260.4,319.94,940.46,2025-09
52050,2025-09-14 03:00:00,South,Beauty,COD,2,1599.44,412.13,2786.75,2025-09
52051,2025-09-14 06:00:00,South,Fashion,UPI,3,4942.78,335.69,14492.65,2025-09
52052,2025-09-14 09:00:00,South,Beauty,UPI,1,1193.65,478.63,715.0200000000001,2025-09
52053,2025-09-14 12:00:00,South,Home,UPI,1,3655.19,10.0,3645.19,2025-09
52054,2025-09-14 15:00:00,North,Fashion,Card,4,237.45,396.2,553.5999999999999,2025-09
52055,2025-09-14 18:00:00,North,Home,UPI,1,4212.96,74.28,4138.68,2025-09
52056,2025-09-14 21:00:00,South,Sports,Net Banking,4,600.8,358.92,2044.2799999999997,2025-09
52057,2025-09-15 00:00:00,South,Fashion,UPI,3,1350.19,101.26,3949.31,2025-09
52058,2025-09-15 03:00:00,South,Beauty,Card,3,1081.96,507.42,2738.46,2025-09
52059,2025-09-15 06:00:00,South,Sports,UPI,4,886.6,21.96,3524.44,2025-09
52060,2025-09-15 09:00:00,South,Electronics,Net Banking,4,1044.61,447.23,3731.2099999999996,2025-09
52061,2025-09-15 12:00:00,East,Home,Net Banking,3,1192.52,194.42,3383.14,2025-09
52062,2025-09-15 15:00:00,East,Electronics,Net Banking,1,498.64,566.16,50.0,2025-09
52063,2025-09-15 18:00:00,West,Sports,Card,5,703.4,329.98,3187.02,2025-09
52064,2025-09-15 21:00:00,East,Beauty,COD,1,536.46,228.09,308.37,2025-09
52065,2025-09-16 00:00:00,South,Beauty,COD,3,2467.97,297.82,7106.09,2025-09
52066,2025-09-16 03:00:00,East,Sports,Net Banking,4,1006.26,207.63,3817.41,2025-09
52067,2025-09-16 06:00:00,South,Electronics,Card,4,1238.43,248.89,4704.83,2025-09
52068,2025-09-16 09:00:00,West,Sports,COD,3,619.89,108.83,1750.8400000000001,2025-09
52069,2025-09-16 12:00:00,East,Electronics,Card,4,858.32,401.4,3031.88,2025-09
52070,2025-09-16 15:00:00,South,Beauty,Card,3,2025.9,370.24,5707.460000000001,2025-09
52071,2025-09-16 18:00:00,East,Electronics,Card,1,1067.11,296.72,770.3899999999999,2025-09
52072,2025-09-16 21:00:00,West,Home,COD,5,3023.96,67.41,15052.39,2025-09
52073,2025-09-17 00:00:00,South,Sports,UPI,2,930.59,297.58,1563.6000000000001,2025-09
52074,2025-09-17 03:00:00,East,Fashion,UPI,1,653.29,413.48,239.80999999999995,2025-09
52075,2025-09-17 06:00:00,East,Electronics,Card,5,616.01,243.61,2836.44,2025-09
52076,2025-09-17 09:00:00,South,Fashion,UPI,2,1731.87,177.54,3286.2,2025-09
52077,2025-09-17 12:00:00,South,Beauty,COD,4,1550.55,168.65,6033.55,2025-09
52078,2025-09-17 15:00:00,West,Beauty,COD,1,4110.55,259.63,3850.92,2025-09
52079,2025-09-17 18:00:00,West,Beauty,COD,1,731.6,279.05,452.55,2025-09
52080,2025-09-17 21:00:00,South,Electronics,UPI,2,674.99,222.03,1127.95,2025-09
52081,2025-09-18 00:00:00,South,Home,COD,5,1366.2,330.22,6500.78,2025-09
52082,2025-09-18 03:00:00,North,Home,Card,3,1406.49,126.61,4092.86,2025-09
52083,2025-09-18 06:00:00,South,Electronics,UPI,3,1153.85,295.68,3165.87,2025-09
52084,2025-09-18 09:00:00,North,Home,UPI,3,888.85,349.18,2317.3700000000003,2025-09
52085,2025-09-18 12:00:00,North,Fashion,Card,5,1320.58,213.0,6389.9,2025-09
52086,2025-09-18 15:00:00,North,Sports,Net Banking,4,1110.56,572.73,3869.5099999999998,2025-09
52087,2025-09-18 18:00:00,South,Sports,UPI,1,1949.65,69.23,1880.42,2025-09
52088,2025-09-18 21:00:00,West,Beauty,UPI,4,1180.43,81.66,4640.06,2025-09
52089,2025-09-19 00:00:00,North,Electronics,Card,2,838.71,509.85,1167.5700000000002,2025-09
52090,2025-09-19 03:00:00,South,Sports,Card,4,1199.0,231.46,4564.54,2025-09
52091,2025-09-19 06:00:00,North,Sports,COD,5,1479.97,462.62,6937.2300000000005,2025-09
52092,2025-09-19 09:00:00,North,Fashion,Net Banking,5,3605.28,198.45,17827.95,2025-09
52093,2025-09-19 12:00:00,West,Beauty,COD,1,993.29,412.11,581.18,2025-09
52094,2025-09-19 15:00:00,South,Home,UPI,4,1887.09,321.34,7227.0199999999995,2025-09
52095,2025-09-19 18:00:00,West,Beauty,UPI,1,1951.87,17.01,1934.86,2025-09
52096,2025-09-19 21:00:00,East,Beauty,Net Banking,5,2099.71,197.22,10301.33,2025-09
52097,2025-09-20 00:00:00,North,Fashion,UPI,1,265.86,117.53,148.33,2025-09
52098,2025-09-20 03:00:00,East,Electronics,COD,5,1011.31,375.28,4681.2699999999995,2025-09
52099,2025-09-20 06:00:00,North,Sports,Card,1,483.42,258.93,224.49,2025-09
52100,2025-09-20 09:00:00,South,Electronics,Card,1,1044.21,412.71,631.5,2025-09
52101,2025-09-20 12:00:00,East,Sports,COD,3,954.93,21.64,2843.15,2025-09
52102,2025-09-20 15:00:00,West,Fashion,COD,5,1552.85,198.98,7565.27,2025-09
52103,2025-09-20 18:00:00,West,Fashion,Card,2,2405.25,196.2,4614.3,2025-09
52104,2025-09-20 21:00:00,South,Sports,UPI,1,1085.49,141.67,943.82,2025-09
52105,2025-09-21 00:00:00,East,Sports,Card,2,822.64,215.48,1429.8,2025-09
52106,2025-09-21 03:00:00,East,Sports,Card,2,2719.33,570.23,4868.43,2025-09
52107,2025-09-21 06:00:00,East,Beauty,Net Banking,2,2552.7,445.03,4660.37,2025-09
52108,2025-09-21 09:00:00,East,Fashion,COD,3,440.03,286.29,1033.8,2025-09
52109,2025-09-21 12:00:00,West,Fashion,UPI,3,850.21,427.64,2122.9900000000002,2025-09
52110,2025-09-21 15:00:00,West,Fashion,COD,5,651.61,549.15,2708.9,2025-09
52111,2025-09-21 18:00:00,South,Fashion,UPI,1,1857.46,575.44,1282.02,2025-09
52112,2025-09-21 21:00:00,East,Fashion,Card,4,1566.24,114.2,6150.76,2025-09
52113,2025-09-22 00:00:00,North,Fashion,COD,1,874.1,505.41,368.69,2025-09
52114,2025-09-22 03:00:00,South,Fashion,UPI,1,829.18,86.06,743.1199999999999,2025-09
52115,2025-09-22 06:00:00,South,Fashion,UPI,2,1612.39,296.54,2928.2400000000002,2025-09
52116,2025-09-22 09:00:00,South,Sports,UPI,1,1497.83,14.85,1482.98,2025-09
52117,2025-09-22 12:00:00,South,Sports,UPI,2,803.79,115.56,1492.02,2025-09
52118,2025-09-22 15:00:00,South,Beauty,Card,2,2812.41,11.74,5613.08,2025-09
52119,2025-09-22 18:00:00,West,Home,UPI,3,1722.27,216.58,4950.23,2025-09
52120,2025-09-22 21:00:00,East,Sports,UPI,2,2166.52,282.44,4050.6,2025-09
52121,2025-09-23 00:00:00,East,Sports,Card,3,1266.43,591.01,3208.2799999999997,2025-09
52122,2025-09-23 03:00:00,East,Fashion,COD,4,1034.68,267.44,3871.28,2025-09
52123,2025-09-23 06:00:00,North,Beauty,COD,3,1096.33,264.22,3024.7699999999995,2025-09
52124,2025-09-23 09:00:00,East,Fashion,UPI,4,2870.26,351.79,11129.25,2025-09
52125,2025-09-23 12:00:00,West,Sports,Card,1,1064.04,576.19,487.8499999999999,2025-09
52126,2025-09-23 15:00:00,South,Electronics,UPI,2,1194.22,33.36,2355.08,2025-09
52127,2025-09-23 18:00:00,East,Home,UPI,3,1570.43,382.4,4328.89,2025-09
52128,2025-09-23 21:00:00,South,Home,Card,5,2244.27,510.39,10710.960000000001,2025-09
52129,2025-09-24 00:00:00,South,Home,UPI,4,1232.34,286.15,4643.21,2025-09
52130,2025-09-24 03:00:00,South,Electronics,UPI,2,893.99,363.32,1424.66,2025-09
52131,2025-09-24 06:00:00,East,Electronics,Net Banking,3,1257.6,511.14,3261.66,2025-09
52132,2025-09-24 09:00:00,East,Beauty,Net Banking,4,2441.44,249.17,9516.59,2025-09
52133,2025-09-24 12:00:00,South,Fashion,UPI,2,1079.01,473.96,1684.06,2025-09
52134,2025-09-24 15:00:00,West,Beauty,Card,1,579.27,489.82,89.44999999999999,2025-09
52135,2025-09-24 18:00:00,East,Sports,Card,4,1079.89,454.04,3865.5200000000004,2025-09
52136,2025-09-24 21:00:00,South,Home,UPI,2,638.96,66.76,1211.16,2025-09
52137,2025-09-25 00:00:00,North,Electronics,COD,2,797.76,549.57,1045.9499999999998,2025-09
52138,2025-09-25 03:00:00,West,Sports,COD,2,489.1,358.3,619.9000000000001,2025-09
52139,2025-09-25 06:00:00,North,Beauty,Net Banking,4,615.54,346.12,2116.04,2025-09
52140,2025-09-25 09:00:00,East,Fashion,UPI,5,1179.14,497.1,5398.6,2025-09
52141,2025-09-25 12:00:00,North,Beauty,UPI,4,2474.37,167.51,9729.97,2025-09
52142,2025-09-25 15:00:00,East,Beauty,UPI,5,2139.1,264.85,10430.65,2025-09
52143,2025-09-25 18:00:00,North,Beauty,UPI,3,1154.99,568.01,2896.96,2025-09
52144,2025-09-25 21:00:00,West,Electronics,Net Banking,3,440.19,56.21,1264.36,2025-09
52145,2025-09-26 00:00:00,West,Electronics,Card,4,1666.81,497.89,6169.349999999999,2025-09
52146,2025-09-26 03:00:00,West,Electronics,COD,3,1020.1,479.85,2580.4500000000003,2025-09
52147,2025-09-26 06:00:00,South,Beauty,Card,1,1634.68,39.08,1595.6000000000001,2025-09
52148,2025-09-26 09:00:00,South,Sports,COD,4,3268.51,592.0,12482.04,2025-09
52149,2025-09-26 12:00:00,North,Fashion,Card,1,638.31,557.12,81.18999999999994,2025-09
52150,2025-09-26 15:00:00,South,Beauty,Card,1,805.35,163.52,641.83,2025-09
52151,2025-09-26 18:00:00,South,Sports,Net Banking,2,1849.22,535.74,3162.7,2025-09
52152,2025-09-26 21:00:00,East,Sports,UPI,4,526.4,134.06,1971.54,2025-09
52153,2025-09-27 00:00:00,South,Home,UPI,2,1294.78,103.87,2485.69,2025-09
52154,2025-09-27 03:00:00,South,Fashion,Card,1,927.09,181.13,745.96,2025-09
52155,2025-09-27 06:00:00,South,Sports,UPI,1,1623.94,536.52,1087.42,2025-09
52156,2025-09-27 09:00:00,West,Home,Net Banking,2,327.3,371.78,282.82000000000005,2025-09
52157,2025-09-27 12:00:00,South,Fashion,Card,5,521.25,428.86,2177.39,2025-09
52158,2025-09-27 15:00:00,South,Home,UPI,2,1680.83,568.05,2793.6099999999997,2025-09
52159,2025-09-27 18:00:00,South,Sports,UPI,1,414.25,249.78,164.47,2025-09
52160,2025-09-27 21:00:00,South,Home,Card,1,1916.07,271.71,1644.36,2025-09
52161,2025-09-28 00:00:00,South,Home,UPI,2,621.52,70.79,1172.25,2025-09
52162,2025-09-28 03:00:00,North,Home,UPI,3,2883.14,282.24,8367.18,2025-09
52163,2025-09-28 06:00:00,West,Electronics,Net Banking,1,1504.63,223.86,1280.77,2025-09
52164,2025-09-28 09:00:00,West,Fashion,COD,2,1274.57,20.84,2528.2999999999997,2025-09
52165,2025-09-28 12:00:00,West,Fashion,UPI,3,622.18,585.74,1280.8,2025-09
52166,2025-09-28 15:00:00,North,Fashion,COD,5,1266.99,256.56,6078.389999999999,2025-09
52167,2025-09-28 18:00:00,West,Home,Net Banking,3,757.94,80.31,2193.51,2025-09
52168,2025-09-28 21:00:00,South,Electronics,Card,2,2192.83,74.28,4311.38,2025-09
52169,2025-09-29 00:00:00,South,Fashion,Card,2,2646.05,210.76,5081.34,2025-09
52170,2025-09-29 03:00:00,South,Home,Net Banking,3,594.19,292.21,1490.3600000000001,2025-09
52171,2025-09-29 06:00:00,South,Electronics,Card,2,1069.51,485.9,1653.12,2025-09
52172,2025-09-29 09:00:00,East,Beauty,UPI,3,876.49,382.87,2246.6000000000004,2025-09
52173,2025-09-29 12:00:00,West,Fashion,UPI,2,1281.2,162.28,2400.12,2025-09
52174,2025-09-29 15:00:00,West,Beauty,Card,2,877.93,54.85,1701.01,2025-09
52175,2025-09-29 18:00:00,South,Fashion,UPI,2,984.98,382.71,1587.25,2025-09
52176,2025-09-29 21:00:00,North,Home,UPI,3,1619.64,286.72,4572.2,2025-09
52177,2025-09-30 00:00:00,East,Electronics,UPI,2,2873.45,478.17,5268.73,2025-09
52178,2025-09-30 03:00:00,West,Sports,COD,5,1636.93,481.53,7703.120000000001,2025-09
52179,2025-09-30 06:00:00,South,Home,Net Banking,4,1409.53,515.04,5123.08,2025-09
52180,2025-09-30 09:00:00,North,Home,COD,4,5431.35,212.5,21512.9,2025-09
52181,2025-09-30 12:00:00,South,Electronics,Card,1,845.01,581.53,263.48,2025-09
52182,2025-09-30 15:00:00,South,Fashion,COD,1,558.61,445.52,113.09000000000003,2025-09
52183,2025-09-30 18:00:00,West,Home,COD,4,1055.69,330.05,3892.71,2025-09
52184,2025-09-30 21:00:00,South,Fashion,UPI,2,1074.8,556.13,1593.4699999999998,2025-09
52185,2025-10-01 00:00:00,South,Electronics,UPI,2,820.26,71.59,1568.93,2025-10
52186,2025-10-01 03:00:00,North,Sports,Card,5,2181.2,154.54,10751.46,2025-10
52187,2025-10-01 06:00:00,North,Home,Net Banking,3,1656.2,562.97,4405.63,2025-10
52188,2025-10-01 09:00:00,West,Electronics,COD,3,3072.11,382.19,8834.14,2025-10
52189,2025-10-01 12:00:00,West,Fashion,Net Banking,4,1126.03,350.55,4153.57,2025-10
52190,2025-10-01 15:00:00,West,Beauty,UPI,5,642.02,401.06,2809.04,2025-10
52191,2025-10-01 18:00:00,South,Fashion,COD,1,1059.85,333.79,726.06,2025-10
52192,2025-10-01 21:00:00,South,Electronics,COD,3,3667.1,345.96,10655.34,2025-10
52193,2025-10-02 00:00:00,South,Beauty,UPI,4,1087.07,578.6,3769.68,2025-10
52194,2025-10-02 03:00:00,East,Electronics,Net Banking,4,803.63,223.33,2991.19,2025-10
52195,2025-10-02 06:00:00,South,Electronics,COD,4,3515.68,257.9,13804.82,2025-10
52196,2025-10-02 09:00:00,South,Fashion,COD,5,1605.66,353.17,7675.13,2025-10
52197,2025-10-02 12:00:00,West,Home,UPI,5,757.44,375.27,3411.9300000000003,2025-10
52198,2025-10-02 15:00:00,East,Electronics,Card,1,1748.35,144.82,1603.53,2025-10
52199,2025-10-02 18:00:00,West,Sports,Card,3,1060.42,357.36,2823.9,2025-10
52200,2025-10-02 21:00:00,South,Electronics,UPI,5,2604.72,113.86,12909.739999999998,2025-10
52201,2025-10-03 00:00:00,North,Electronics,COD,3,3904.07,572.55,11139.660000000002,2025-10
52202,2025-10-03 03:00:00,North,Electronics,UPI,2,5340.14,89.44,10590.84,2025-10
52203,2025-10-03 06:00:00,East,Sports,Net Banking,2,1513.62,51.63,2975.6099999999997,2025-10
52204,2025-10-03 09:00:00,West,Fashion,COD,3,1218.04,374.37,3279.75,2025-10
52205,2025-10-03 12:00:00,North,Beauty,Card,1,389.27,151.82,237.45,2025-10
52206,2025-10-03 15:00:00,South,Fashion,Card,5,1625.22,486.41,7639.6900000000005,2025-10
52207,2025-10-03 18:00:00,South,Sports,Net Banking,3,3251.66,568.08,9186.9,2025-10
52208,2025-10-03 21:00:00,South,Home,Card,3,836.47,173.14,2336.27,2025-10
52209,2025-10-04 00:00:00,East,Electronics,UPI,1,1832.92,194.79,1638.13,2025-10
52210,2025-10-04 03:00:00,North,Sports,Card,3,783.63,262.42,2088.47,2025-10
52211,2025-10-04 06:00:00,North,Home,Card,3,665.94,418.62,1579.2000000000003,2025-10
52212,2025-10-04 09:00:00,North,Beauty,UPI,2,2413.12,335.25,4490.99,2025-10
52213,2025-10-04 12:00:00,North,Sports,UPI,3,2126.9,539.72,5840.9800000000005,2025-10
52214,2025-10-04 15:00:00,South,Electronics,UPI,1,1571.23,195.43,1375.8,2025-10
52215,2025-10-04 18:00:00,East,Fashion,COD,4,1769.84,461.08,6618.28,2025-10
52216,2025-10-04 21:00:00,South,Sports,COD,4,2689.28,92.11,10665.01,2025-10
52217,2025-10-05 00:00:00,West,Sports,COD,5,1369.07,112.54,6732.8099999999995,2025-10
52218,2025-10-05 03:00:00,South,Home,Net Banking,1,1356.4,494.86,861.5400000000001,2025-10
52219,2025-10-05 06:00:00,South,Home,Card,1,1594.58,345.12,1249.46,2025-10
52220,2025-10-05 09:00:00,East,Fashion,UPI,1,867.09,520.09,347.0,2025-10
52221,2025-10-05 12:00:00,South,Home,COD,5,275.81,461.3,917.75,2025-10
52222,2025-10-05 15:00:00,South,Home,Card,4,831.8,425.45,2901.75,2025-10
52223,2025-10-05 18:00:00,South,Beauty,Card,3,1236.23,278.8,3429.89,2025-10
52224,2025-10-05 21:00:00,North,Home,UPI,3,1676.12,494.84,4533.5199999999995,2025-10
52225,2025-10-06 00:00:00,North,Electronics,Card,5,2296.27,358.1,11123.25,2025-10
52226,2025-10-06 03:00:00,South,Fashion,Card,4,1107.12,546.35,3882.1299999999997,2025-10
52227,2025-10-06 06:00:00,North,Home,Net Banking,2,2811.77,377.17,5246.37,2025-10
52228,2025-10-06 09:00:00,West,Beauty,COD,2,1319.72,282.83,2356.61,2025-10
52229,2025-10-06 12:00:00,West,Electronics,UPI,1,995.99,538.45,457.53999999999996,2025-10
52230,2025-10-06 15:00:00,North,Sports,COD,5,981.46,9.79,4897.51,2025-10
52231,2025-10-06 18:00:00,North,Home,UPI,5,2307.46,560.28,10977.019999999999,2025-10
52232,2025-10-06 21:00:00,South,Fashion,UPI,1,2664.07,292.67,2371.4,2025-10
52233,2025-10-07 00:00:00,North,Electronics,Net Banking,1,704.05,508.36,195.68999999999994,2025-10
52234,2025-10-07 03:00:00,South,Electronics,Card,2,1604.65,479.43,2729.8700000000003,2025-10
52235,2025-10-07 06:00:00,South,Fashion,Net Banking,3,713.8,275.77,1865.6299999999997,2025-10
52236,2025-10-07 09:00:00,North,Fashion,COD,4,807.29,202.96,3026.2,2025-10
52237,2025-10-07 12:00:00,East,Sports,COD,2,730.83,166.39,1295.27,2025-10
52238,2025-10-07 15:00:00,West,Sports,UPI,2,2963.44,576.87,5350.01,2025-10
52239,2025-10-07 18:00:00,East,Home,Card,3,892.37,367.26,2309.8500000000004,2025-10
52240,2025-10-07 21:00:00,South,Fashion,Net Banking,1,1945.34,470.08,1475.26,2025-10
52241,2025-10-08 00:00:00,South,Beauty,UPI,1,2827.4,458.65,2368.75,2025-10
52242,2025-10-08 03:00:00,North,Fashion,COD,1,1326.28,241.7,1084.58,2025-10
52243,2025-10-08 06:00:00,West,Sports,COD,5,1073.49,249.42,5118.03,2025-10
52244,2025-10-08 09:00:00,South,Home,COD,5,1223.71,532.44,5586.110000000001,2025-10
52245,2025-10-08 12:00:00,North,Beauty,UPI,4,661.76,374.23,2272.81,2025-10
52246,2025-10-08 15:00:00,South,Sports,COD,3,429.81,541.46,747.97,2025-10
52247,2025-10-08 18:00:00,West,Sports,UPI,5,1222.25,149.21,5962.04,2025-10
52248,2025-10-08 21:00:00,East,Home,Card,4,335.11,152.49,1187.95,2025-10
52249,2025-10-09 00:00:00,South,Fashion,COD,4,953.81,571.34,3243.8999999999996,2025-10
52250,2025-10-09 03:00:00,East,Electronics,Net Banking,3,3371.94,485.0,9630.82,2025-10
52251,2025-10-09 06:00:00,West,Fashion,Net Banking,3,669.52,563.86,1444.6999999999998,2025-10
52252,2025-10-09 09:00:00,East,Fashion,UPI,4,1276.26,520.54,4584.5,2025-10
52253,2025-10-09 12:00:00,South,Electronics,UPI,2,3101.44,275.55,5927.33,2025-10
52254,2025-10-09 15:00:00,North,Beauty,UPI,1,1677.54,359.2,1318.34,2025-10
52255,2025-10-09 18:00:00,South,Sports,UPI,5,991.11,285.94,4669.610000000001,2025-10
52256,2025-10-09 21:00:00,South,Sports,Card,2,1473.92,260.42,2687.42,2025-10
52257,2025-10-10 00:00:00,East,Beauty,UPI,5,446.98,464.41,1770.49,2025-10
52258,2025-10-10 03:00:00,West,Electronics,UPI,5,1102.1,260.16,5250.34,2025-10
52259,2025-10-10 06:00:00,South,Beauty,Card,1,823.77,120.29,703.48,2025-10
52260,2025-10-10 09:00:00,North,Fashion,UPI,2,2103.67,138.25,4069.09,2025-10
52261,2025-10-10 12:00:00,East,Sports,UPI,5,1639.5,207.42,7990.08,2025-10
52262,2025-10-10 15:00:00,South,Sports,Net Banking,2,1014.36,551.76,1476.96,2025-10
52263,2025-10-10 18:00:00,South,Electronics,Card,4,1983.25,597.82,7335.18,2025-10
52264,2025-10-10 21:00:00,South,Home,Card,1,953.46,494.83,458.63000000000005,2025-10
52265,2025-10-11 00:00:00,South,Beauty,Net Banking,1,2212.95,70.72,2142.23,2025-10
52266,2025-10-11 03:00:00,North,Beauty,COD,1,1575.07,201.7,1373.37,2025-10
52267,2025-10-11 06:00:00,North,Home,COD,3,890.45,591.76,2079.59,2025-10
52268,2025-10-11 09:00:00,East,Electronics,UPI,5,1229.83,78.82,6070.33,2025-10
52269,2025-10-11 12:00:00,North,Fashion,Net Banking,4,826.94,254.81,3052.9500000000003,2025-10
52270,2025-10-11 15:00:00,East,Home,COD,2,824.26,373.64,1274.88,2025-10
52271,2025-10-11 18:00:00,East,Beauty,UPI,1,1405.39,216.41,1188.98,2025-10
52272,2025-10-11 21:00:00,West,Home,Card,2,1041.6,585.53,1497.6699999999998,2025-10
52273,2025-10-12 00:00:00,South,Fashion,UPI,4,1327.85,576.72,4734.679999999999,2025-10
52274,2025-10-12 03:00:00,North,Beauty,COD,1,1506.4,390.33,1116.0700000000002,2025-10
52275,2025-10-12 06:00:00,South,Fashion,Card,3,912.07,48.23,2687.98,2025-10
52276,2025-10-12 09:00:00,West,Sports,UPI,5,1783.19,419.07,8496.880000000001,2025-10
52277,2025-10-12 12:00:00,West,Beauty,Net Banking,1,3864.46,414.07,3450.39,2025-10
52278,2025-10-12 15:00:00,South,Electronics,Card,3,1931.09,531.75,5261.5199999999995,2025-10
52279,2025-10-12 18:00:00,South,Home,UPI,2,744.45,532.24,956.6600000000001,2025-10
52280,2025-10-12 21:00:00,West,Home,UPI,1,1111.16,474.33,636.8300000000002,2025-10
52281,2025-10-13 00:00:00,West,Beauty,Card,2,796.03,248.91,1343.1499999999999,2025-10
52282,2025-10-13 03:00:00,North,Home,UPI,1,2020.77,262.95,1757.82,2025-10
52283,2025-10-13 06:00:00,East,Home,Net Banking,5,754.49,44.3,3728.1499999999996,2025-10
52284,2025-10-13 09:00:00,South,Fashion,Card,5,2693.55,483.92,12983.83,2025-10
52285,2025-10-13 12:00:00,South,Home,UPI,4,1343.69,135.67,5239.09,2025-10
52286,2025-10-13 15:00:00,West,Sports,UPI,2,1139.9,596.0,1683.8000000000002,2025-10
52287,2025-10-13 18:00:00,West,Electronics,Card,3,3419.7,268.34,9990.759999999998,2025-10
52288,2025-10-13 21:00:00,East,Electronics,COD,3,2024.56,328.33,5745.35,2025-10
52289,2025-10-14 00:00:00,East,Sports,UPI,5,1571.75,328.93,7529.82,2025-10
52290,2025-10-14 03:00:00,South,Electronics,COD,5,683.67,465.24,2953.1099999999997,2025-10
52291,2025-10-14 06:00:00,East,Sports,Card,3,2369.98,80.67,7029.27,2025-10
52292,2025-10-14 09:00:00,North,Home,Net Banking,2,856.19,278.88,1433.5,2025-10
52293,2025-10-14 12:00:00,East,Fashion,COD,1,1345.61,46.53,1299.08,2025-10
52294,2025-10-14 15:00:00,North,Beauty,UPI,3,1099.57,11.7,3287.01,2025-10
52295,2025-10-14 18:00:00,South,Home,Card,2,956.57,586.4,1326.7400000000002,2025-10
52296,2025-10-14 21:00:00,West,Electronics,UPI,2,2470.27,72.47,4868.07,2025-10
52297,2025-10-15 00:00:00,North,Sports,COD,4,1362.11,125.45,5322.99,2025-10
52298,2025-10-15 03:00:00,West,Home,UPI,2,1114.68,207.55,2021.8100000000002,2025-10
52299,2025-10-15 06:00:00,North,Fashion,Card,5,697.44,500.24,2986.96,2025-10
52300,2025-10-15 09:00:00,North,Electronics,UPI,1,2249.65,193.95,2055.7000000000003,2025-10
52301,2025-10-15 12:00:00,North,Beauty,Card,3,1457.43,454.69,3917.6,2025-10
52302,2025-10-15 15:00:00,North,Fashion,UPI,1,1043.96,509.66,534.3,2025-10
52303,2025-10-15 18:00:00,North,Home,Card,1,1283.93,511.38,772.5500000000001,2025-10
52304,2025-10-15 21:00:00,North,Home,Card,2,802.26,300.1,1304.42,2025-10
52305,2025-10-16 00:00:00,West,Beauty,UPI,1,3658.97,254.04,3404.93,2025-10
52306,2025-10-16 03:00:00,North,Sports,UPI,4,861.86,53.7,3393.7400000000002,2025-10
52307,2025-10-16 06:00:00,North,Fashion,UPI,4,1219.74,102.38,4776.58,2025-10
52308,2025-10-16 09:00:00,South,Electronics,UPI,5,1461.85,512.02,6797.23,2025-10
52309,2025-10-16 12:00:00,West,Home,Net Banking,1,1222.91,85.94,1136.97,2025-10
52310,2025-10-16 15:00:00,East,Home,UPI,2,843.64,531.07,1156.21,2025-10
52311,2025-10-16 18:00:00,South,Fashion,UPI,1,1153.15,243.37,909.7800000000001,2025-10
52312,2025-10-16 21:00:00,West,Home,Card,4,1374.81,125.98,5373.26,2025-10
52313,2025-10-17 00:00:00,West,Sports,UPI,1,473.29,140.6,332.69000000000005,2025-10
52314,2025-10-17 03:00:00,South,Sports,UPI,3,501.8,194.14,1311.2600000000002,2025-10
52315,2025-10-17 06:00:00,South,Beauty,COD,4,759.61,30.51,3007.93,2025-10
52316,2025-10-17 09:00:00,South,Electronics,COD,4,1521.21,52.61,6032.2300000000005,2025-10
52317,2025-10-17 12:00:00,North,Sports,UPI,4,640.88,281.47,2282.05,2025-10
52318,2025-10-17 15:00:00,West,Electronics,COD,2,2736.58,314.01,5159.15,2025-10
52319,2025-10-17 18:00:00,West,Home,UPI,2,1446.08,8.65,2883.5099999999998,2025-10
52320,2025-10-17 21:00:00,North,Fashion,Card,1,332.43,566.95,50.0,2025-10
52321,2025-10-18 00:00:00,South,Beauty,Card,2,966.2,317.36,1615.04,2025-10
52322,2025-10-18 03:00:00,West,Sports,Card,2,455.23,439.8,470.66,2025-10
52323,2025-10-18 06:00:00,South,Electronics,UPI,5,1388.46,24.98,6917.320000000001,2025-10
52324,2025-10-18 09:00:00,South,Electronics,Net Banking,1,1052.85,535.22,517.6299999999999,2025-10
52325,2025-10-18 12:00:00,West,Sports,COD,2,740.9,287.97,1193.83,2025-10
52326,2025-10-18 15:00:00,North,Beauty,UPI,1,2317.08,72.71,2244.37,2025-10
52327,2025-10-18 18:00:00,North,Beauty,Card,1,2106.09,91.21,2014.88,2025-10
52328,2025-10-18 21:00:00,East,Fashion,COD,2,434.75,336.79,532.71,2025-10
52329,2025-10-19 00:00:00,North,Beauty,Card,2,833.21,289.33,1377.0900000000001,2025-10
52330,2025-10-19 03:00:00,North,Home,Card,5,2516.03,163.01,12417.140000000001,2025-10
52331,2025-10-19 06:00:00,South,Electronics,Card,2,741.03,400.51,1081.55,2025-10
52332,2025-10-19 09:00:00,South,Home,UPI,3,1798.32,23.68,5371.28,2025-10
52333,2025-10-19 12:00:00,East,Electronics,Card,3,948.04,513.81,2330.31,2025-10
52334,2025-10-19 15:00:00,West,Home,Card,5,558.19,73.61,2717.34,2025-10
52335,2025-10-19 18:00:00,West,Electronics,UPI,5,422.45,240.93,1871.32,2025-10
52336,2025-10-19 21:00:00,East,Beauty,UPI,4,1406.89,149.38,5478.18,2025-10
52337,2025-10-20 00:00:00,West,Beauty,Card,3,1426.91,47.61,4233.120000000001,2025-10
52338,2025-10-20 03:00:00,East,Sports,UPI,5,1305.87,249.59,6279.759999999999,2025-10
52339,2025-10-20 06:00:00,East,Home,COD,1,1028.79,158.31,870.48,2025-10
52340,2025-10-20 09:00:00,North,Home,COD,1,4018.97,438.52,3580.45,2025-10
52341,2025-10-20 12:00:00,East,Home,UPI,1,2388.39,24.18,2364.21,2025-10
52342,2025-10-20 15:00:00,South,Sports,UPI,4,1285.94,89.49,5054.27,2025-10
52343,2025-10-20 18:00:00,South,Sports,Net Banking,2,2484.86,11.38,4958.34,2025-10
52344,2025-10-20 21:00:00,South,Home,Card,5,1258.62,251.87,6041.23,2025-10
52345,2025-10-21 00:00:00,North,Fashion,UPI,5,1885.47,145.78,9281.57,2025-10
52346,2025-10-21 03:00:00,South,Home,UPI,2,2203.54,299.46,4107.62,2025-10
52347,2025-10-21 06:00:00,North,Beauty,Net Banking,1,622.75,520.26,102.49000000000001,2025-10
52348,2025-10-21 09:00:00,North,Sports,COD,2,1764.4,79.7,3449.1000000000004,2025-10
52349,2025-10-21 12:00:00,West,Home,Net Banking,1,1118.11,50.0,1068.11,2025-10
52350,2025-10-21 15:00:00,West,Fashion,UPI,3,2983.76,22.68,8928.6,2025-10
52351,2025-10-21 18:00:00,West,Home,UPI,5,555.33,221.82,2554.83,2025-10
52352,2025-10-21 21:00:00,South,Home,Card,3,1062.6,108.89,3078.91,2025-10
52353,2025-10-22 00:00:00,West,Sports,Card,5,2738.18,58.47,13632.43,2025-10
52354,2025-10-22 03:00:00,North,Home,UPI,4,826.09,398.21,2906.15,2025-10
52355,2025-10-22 06:00:00,North,Electronics,UPI,2,1524.82,120.0,2929.64,2025-10
52356,2025-10-22 09:00:00,South,Electronics,Card,3,702.22,479.96,1626.6999999999998,2025-10
52357,2025-10-22 12:00:00,East,Home,Card,5,1552.6,487.29,7275.71,2025-10
52358,2025-10-22 15:00:00,North,Fashion,UPI,5,1650.24,376.01,7875.1900000000005,2025-10
52359,2025-10-22 18:00:00,South,Fashion,UPI,5,1103.81,381.39,5137.659999999999,2025-10
52360,2025-10-22 21:00:00,South,Electronics,COD,5,496.12,186.72,2293.88,2025-10
52361,2025-10-23 00:00:00,South,Beauty,Net Banking,4,1554.36,368.98,5848.459999999999,2025-10
52362,2025-10-23 03:00:00,North,Beauty,UPI,2,648.02,516.72,779.3199999999999,2025-10
52363,2025-10-23 06:00:00,West,Fashion,UPI,5,3461.03,599.83,16705.32,2025-10
52364,2025-10-23 09:00:00,North,Beauty,UPI,3,774.34,438.39,1884.63,2025-10
52365,2025-10-23 12:00:00,East,Beauty,Card,4,1130.86,510.06,4013.3799999999997,2025-10
52366,2025-10-23 15:00:00,South,Fashion,Card,2,1189.46,85.53,2293.39,2025-10
52367,2025-10-23 18:00:00,East,Beauty,UPI,1,1534.67,260.84,1273.8300000000002,2025-10
52368,2025-10-23 21:00:00,East,Home,Card,1,1095.81,557.34,538.4699999999999,2025-10
52369,2025-10-24 00:00:00,North,Electronics,COD,1,803.64,115.1,688.54,2025-10
52370,2025-10-24 03:00:00,South,Beauty,Card,3,1187.35,238.76,3323.29,2025-10
52371,2025-10-24 06:00:00,North,Electronics,UPI,5,1099.11,4.38,5491.169999999999,2025-10
52372,2025-10-24 09:00:00,West,Electronics,Card,3,319.94,134.15,825.67,2025-10
52373,2025-10-24 12:00:00,West,Fashion,COD,1,701.93,229.2,472.72999999999996,2025-10
52374,2025-10-24 15:00:00,West,Beauty,COD,4,1337.22,215.34,5133.54,2025-10
52375,2025-10-24 18:00:00,South,Home,Card,4,923.13,57.17,3635.35,2025-10
52376,2025-10-24 21:00:00,West,Electronics,UPI,2,428.7,561.17,296.23,2025-10
52377,2025-10-25 00:00:00,South,Beauty,UPI,4,2257.69,551.96,8478.8,2025-10
52378,2025-10-25 03:00:00,West,Beauty,COD,5,950.35,34.95,4716.8,2025-10
52379,2025-10-25 06:00:00,South,Sports,COD,3,1010.64,36.69,2995.23,2025-10
52380,2025-10-25 09:00:00,East,Home,UPI,2,1075.98,333.38,1818.58,2025-10
52381,2025-10-25 12:00:00,South,Fashion,UPI,5,612.79,328.92,2735.0299999999997,2025-10
52382,2025-10-25 15:00:00,North,Electronics,Card,3,859.78,175.72,2403.6200000000003,2025-10
52383,2025-10-25 18:00:00,West,Sports,Card,2,2152.06,473.26,3830.8599999999997,2025-10
52384,2025-10-25 21:00:00,East,Beauty,UPI,1,671.73,350.34,321.39000000000004,2025-10
52385,2025-10-26 00:00:00,West,Beauty,COD,3,323.74,579.34,391.88,2025-10
52386,2025-10-26 03:00:00,South,Fashion,Card,5,2262.27,439.39,10871.960000000001,2025-10
52387,2025-10-26 06:00:00,West,Home,Card,1,2188.83,514.5,1674.33,2025-10
52388,2025-10-26 09:00:00,North,Home,UPI,5,1817.24,486.55,8599.650000000001,2025-10
52389,2025-10-26 12:00:00,South,Fashion,Card,1,641.68,573.98,67.69999999999993,2025-10
52390,2025-10-26 15:00:00,South,Sports,COD,4,661.14,296.57,2347.99,2025-10
52391,2025-10-26 18:00:00,South,Beauty,Net Banking,2,960.54,339.29,1581.79,2025-10
52392,2025-10-26 21:00:00,North,Beauty,Card,4,830.22,137.5,3183.38,2025-10
52393,2025-10-27 00:00:00,East,Beauty,Card,2,1052.02,219.71,1884.33,2025-10
52394,2025-10-27 03:00:00,North,Home,COD,4,1459.71,347.91,5490.93,2025-10
52395,2025-10-27 06:00:00,North,Fashion,UPI,5,1165.63,128.85,5699.3,2025-10
52396,2025-10-27 09:00:00,South,Beauty,Card,2,2163.23,487.59,3838.87,2025-10
52397,2025-10-27 12:00:00,West,Beauty,Card,1,1167.94,262.84,905.1000000000001,2025-10
52398,2025-10-27 15:00:00,North,Home,Card,5,348.15,84.13,1656.62,2025-10
52399,2025-10-27 18:00:00,West,Fashion,Card,2,1178.75,8.09,2349.41,2025-10
52400,2025-10-27 21:00:00,North,Fashion,COD,1,507.63,231.5,276.13,2025-10
52401,2025-10-28 00:00:00,South,Fashion,COD,1,296.35,570.26,50.0,2025-10
52402,2025-10-28 03:00:00,South,Fashion,UPI,3,2882.11,171.42,8474.91,2025-10
52403,2025-10-28 06:00:00,South,Sports,UPI,5,1556.66,276.62,7506.68,2025-10
52404,2025-10-28 09:00:00,West,Beauty,Card,3,1461.57,57.97,4326.74,2025-10
52405,2025-10-28 12:00:00,South,Home,COD,4,1863.65,468.33,6986.27,2025-10
52406,2025-10-28 15:00:00,North,Electronics,UPI,2,765.71,584.21,947.21,2025-10
52407,2025-10-28 18:00:00,West,Fashion,UPI,5,1637.11,355.47,7830.079999999999,2025-10
52408,2025-10-28 21:00:00,North,Electronics,Net Banking,3,2568.21,524.52,7180.110000000001,2025-10
52409,2025-10-29 00:00:00,South,Electronics,Card,4,1113.27,523.89,3929.19,2025-10
52410,2025-10-29 03:00:00,North,Beauty,Net Banking,1,1832.17,539.68,1292.4900000000002,2025-10
52411,2025-10-29 06:00:00,West,Beauty,UPI,2,1065.09,455.67,1674.5099999999998,2025-10
52412,2025-10-29 09:00:00,South,Home,Card,1,1146.26,475.92,670.3399999999999,2025-10
52413,2025-10-29 12:00:00,South,Beauty,UPI,5,1401.54,405.83,6601.87,2025-10
52414,2025-10-29 15:00:00,South,Sports,Net Banking,2,1229.59,228.81,2230.37,2025-10
52415,2025-10-29 18:00:00,North,Electronics,Net Banking,5,746.1,395.31,3335.19,2025-10
52416,2025-10-29 21:00:00,South,Electronics,COD,4,405.61,234.56,1387.88,2025-10
52417,2025-10-30 00:00:00,West,Electronics,UPI,1,2297.02,322.99,1974.03,2025-10
52418,2025-10-30 03:00:00,South,Fashion,Card,2,770.78,553.28,988.28,2025-10
52419,2025-10-30 06:00:00,North,Beauty,UPI,5,1949.86,465.94,9283.359999999999,2025-10
52420,2025-10-30 09:00:00,East,Sports,Card,5,1417.27,456.38,6629.97,2025-10
52421,2025-10-30 12:00:00,South,Beauty,Net Banking,3,720.36,521.29,1639.79,2025-10
52422,2025-10-30 15:00:00,East,Home,Net Banking,5,1585.71,125.61,7802.9400000000005,2025-10
52423,2025-10-30 18:00:00,East,Fashion,COD,5,949.06,215.38,4529.919999999999,2025-10
52424,2025-10-30 21:00:00,West,Beauty,UPI,2,744.12,219.68,1268.56,2025-10
52425,2025-10-31 00:00:00,North,Beauty,UPI,1,2628.05,598.28,2029.7700000000002,2025-10
52426,2025-10-31 03:00:00,South,Electronics,UPI,4,548.71,5.49,2189.3500000000004,2025-10
52427,2025-10-31 06:00:00,South,Fashion,COD,2,1266.63,210.23,2323.03,2025-10
52428,2025-10-31 09:00:00,East,Home,UPI,2,521.54,300.82,742.26,2025-10
52429,2025-10-31 12:00:00,South,Home,COD,5,989.81,47.94,4901.11,2025-10
52430,2025-10-31 15:00:00,East,Electronics,UPI,2,1866.95,193.95,3539.9500000000003,2025-10
52431,2025-10-31 18:00:00,South,Fashion,UPI,3,1283.77,113.35,3737.96,2025-10
52432,2025-10-31 21:00:00,South,Home,UPI,2,764.68,0.27,1529.09,2025-10
52433,2025-11-01 00:00:00,South,Home,UPI,4,1722.13,414.17,6474.35,2025-11
52434,2025-11-01 03:00:00,West,Home,COD,2,3546.14,209.74,6882.54,2025-11
52435,2025-11-01 06:00:00,East,Fashion,COD,1,2648.63,104.18,2544.4500000000003,2025-11
52436,2025-11-01 09:00:00,North,Sports,Card,5,1123.38,518.62,5098.280000000001,2025-11
52437,2025-11-01 12:00:00,South,Sports,UPI,4,968.58,12.99,3861.3300000000004,2025-11
52438,2025-11-01 15:00:00,West,Electronics,UPI,3,394.07,496.74,685.47,2025-11
52439,2025-11-01 18:00:00,West,Sports,Net Banking,4,1072.25,577.44,3711.56,2025-11
52440,2025-11-01 21:00:00,East,Fashion,Net Banking,5,2091.89,361.21,10098.24,2025-11
52441,2025-11-02 00:00:00,West,Home,UPI,5,1045.0,535.01,4689.99,2025-11
52442,2025-11-02 03:00:00,West,Electronics,COD,5,1219.78,563.63,5535.2699999999995,2025-11
52443,2025-11-02 06:00:00,South,Beauty,Net Banking,3,2429.59,65.76,7223.01,2025-11
52444,2025-11-02 09:00:00,East,Beauty,Card,3,1742.78,111.88,5116.46,2025-11
52445,2025-11-02 12:00:00,South,Fashion,UPI,4,398.15,375.84,1216.76,2025-11
52446,2025-11-02 15:00:00,North,Electronics,Net Banking,4,567.99,315.13,1956.83,2025-11
52447,2025-11-02 18:00:00,North,Electronics,UPI,5,924.0,372.44,4247.56,2025-11
52448,2025-11-02 21:00:00,West,Electronics,Card,2,1932.91,420.02,3445.8,2025-11
52449,2025-11-03 00:00:00,North,Fashion,UPI,5,872.48,278.76,4083.6399999999994,2025-11
52450,2025-11-03 03:00:00,South,Sports,Card,4,1811.92,218.74,7028.9400000000005,2025-11
52451,2025-11-03 06:00:00,West,Home,Net Banking,5,3581.07,287.38,17617.97,2025-11
52452,2025-11-03 09:00:00,South,Beauty,Card,1,3243.87,303.25,2940.62,2025-11
52453,2025-11-03 12:00:00,South,Beauty,UPI,2,1054.33,214.37,1894.29,2025-11
52454,2025-11-03 15:00:00,North,Home,UPI,4,1571.31,16.71,6268.53,2025-11
52455,2025-11-03 18:00:00,East,Fashion,Card,3,1049.25,560.56,2587.19,2025-11
52456,2025-11-03 21:00:00,North,Sports,UPI,4,752.7,464.19,2546.61,2025-11
52457,2025-11-04 00:00:00,South,Electronics,UPI,5,2267.69,201.79,11136.66,2025-11
52458,2025-11-04 03:00:00,East,Home,Card,4,887.81,290.46,3260.7799999999997,2025-11
52459,2025-11-04 06:00:00,East,Fashion,Card,2,906.61,117.51,1695.71,2025-11
52460,2025-11-04 09:00:00,South,Electronics,UPI,4,1638.56,336.81,6217.429999999999,2025-11
52461,2025-11-04 12:00:00,West,Fashion,UPI,4,1092.66,265.47,4105.17,2025-11
52462,2025-11-04 15:00:00,South,Fashion,COD,4,812.28,211.23,3037.89,2025-11
52463,2025-11-04 18:00:00,East,Sports,UPI,1,773.6,547.59,226.01,2025-11
52464,2025-11-04 21:00:00,West,Home,COD,1,4740.6,41.17,4699.43,2025-11
52465,2025-11-05 00:00:00,North,Fashion,COD,1,1426.98,49.58,1377.4,2025-11
52466,2025-11-05 03:00:00,North,Home,UPI,5,879.8,67.85,4331.15,2025-11
52467,2025-11-05 06:00:00,East,Sports,Card,2,1313.63,182.41,2444.8500000000004,2025-11
52468,2025-11-05 09:00:00,South,Beauty,UPI,1,1394.56,321.82,1072.74,2025-11
52469,2025-11-05 12:00:00,East,Beauty,Net Banking,3,3274.0,61.6,9760.4,2025-11
52470,2025-11-05 15:00:00,South,Sports,UPI,1,1166.76,218.34,948.42,2025-11
52471,2025-11-05 18:00:00,North,Home,UPI,3,3185.38,96.16,9459.98,2025-11
52472,2025-11-05 21:00:00,South,Home,Card,2,538.95,369.39,708.5100000000001,2025-11
52473,2025-11-06 00:00:00,West,Fashion,Net Banking,1,1013.1,355.01,658.09,2025-11
52474,2025-11-06 03:00:00,West,Beauty,Net Banking,4,2297.37,562.07,8627.41,2025-11
52475,2025-11-06 06:00:00,West,Fashion,COD,4,1384.85,70.71,5468.69,2025-11
52476,2025-11-06 09:00:00,North,Sports,COD,1,420.72,347.23,73.49000000000001,2025-11
52477,2025-11-06 12:00:00,South,Fashion,Card,1,1113.55,242.15,871.4,2025-11
52478,2025-11-06 15:00:00,North,Home,UPI,4,1648.75,258.22,6336.78,2025-11
52479,2025-11-06 18:00:00,West,Sports,Card,2,720.88,299.88,1141.88,2025-11
52480,2025-11-06 21:00:00,South,Fashion,UPI,4,1141.48,224.59,4341.33,2025-11
52481,2025-11-07 00:00:00,North,Electronics,UPI,3,1098.93,113.65,3183.14,2025-11
52482,2025-11-07 03:00:00,South,Electronics,UPI,5,1727.48,122.94,8514.46,2025-11
52483,2025-11-07 06:00:00,North,Beauty,COD,2,1251.2,422.12,2080.28,2025-11
52484,2025-11-07 09:00:00,South,Home,UPI,4,1494.68,244.36,5734.360000000001,2025-11
52485,2025-11-07 12:00:00,South,Home,UPI,1,684.35,146.88,537.47,2025-11
52486,2025-11-07 15:00:00,East,Fashion,UPI,4,1600.32,599.45,5801.83,2025-11
52487,2025-11-07 18:00:00,South,Sports,Card,4,1457.48,15.65,5814.27,2025-11
52488,2025-11-07 21:00:00,West,Electronics,UPI,3,516.18,369.48,1179.06,2025-11
52489,2025-11-08 00:00:00,West,Fashion,Card,3,2416.84,512.9,6737.620000000001,2025-11
52490,2025-11-08 03:00:00,South,Electronics,UPI,5,1413.74,219.75,6848.95,2025-11
52491,2025-11-08 06:00:00,West,Beauty,UPI,5,746.54,476.17,3256.5299999999997,2025-11
52492,2025-11-08 09:00:00,East,Electronics,UPI,3,1130.28,118.73,3272.11,2025-11
52493,2025-11-08 12:00:00,West,Fashion,UPI,4,796.31,187.55,2997.6899999999996,2025-11
52494,2025-11-08 15:00:00,North,Electronics,COD,3,543.91,421.29,1210.44,2025-11
52495,2025-11-08 18:00:00,North,Beauty,Net Banking,3,3619.27,42.69,10815.119999999999,2025-11
52496,2025-11-08 21:00:00,West,Home,COD,5,841.14,92.01,4113.69,2025-11
52497,2025-11-09 00:00:00,North,Sports,UPI,4,917.97,100.62,3571.26,2025-11
52498,2025-11-09 03:00:00,North,Beauty,UPI,1,1099.73,537.81,561.9200000000001,2025-11
52499,2025-11-09 06:00:00,South,Sports,UPI,2,1260.92,420.8,2101.04,2025-11
52500,2025-11-09 09:00:00,South,Beauty,Card,2,962.28,226.33,1698.23,2025-11
